-- MySQL dump 10.15  Distrib 10.0.31-MariaDB, for debian-linux-gnu (x86_64)
--
-- Host: localhost    Database: shdb
-- ------------------------------------------------------
-- Server version	10.0.31-MariaDB-0ubuntu0.16.04.2

/*!40101 SET @OLD_CHARACTER_SET_CLIENT=@@CHARACTER_SET_CLIENT */;
/*!40101 SET @OLD_CHARACTER_SET_RESULTS=@@CHARACTER_SET_RESULTS */;
/*!40101 SET @OLD_COLLATION_CONNECTION=@@COLLATION_CONNECTION */;
/*!40101 SET NAMES utf8mb4 */;
/*!40103 SET @OLD_TIME_ZONE=@@TIME_ZONE */;
/*!40103 SET TIME_ZONE='+00:00' */;
/*!40014 SET @OLD_UNIQUE_CHECKS=@@UNIQUE_CHECKS, UNIQUE_CHECKS=0 */;
/*!40014 SET @OLD_FOREIGN_KEY_CHECKS=@@FOREIGN_KEY_CHECKS, FOREIGN_KEY_CHECKS=0 */;
/*!40101 SET @OLD_SQL_MODE=@@SQL_MODE, SQL_MODE='NO_AUTO_VALUE_ON_ZERO' */;
/*!40111 SET @OLD_SQL_NOTES=@@SQL_NOTES, SQL_NOTES=0 */;

--
-- Table structure for table `countries`
--

DROP TABLE IF EXISTS `countries`;
/*!40101 SET @saved_cs_client     = @@character_set_client */;
/*!40101 SET character_set_client = utf8 */;
CREATE TABLE `countries` (
  `code` varchar(2) NOT NULL,
  `name` varchar(255) NOT NULL,
  `alpha3` varchar(3) NOT NULL,
  PRIMARY KEY (`code`),
  UNIQUE KEY `_alpha_unique` (`alpha3`)
) ENGINE=InnoDB DEFAULT CHARSET=utf8;
/*!40101 SET character_set_client = @saved_cs_client */;

--
-- Dumping data for table `countries`
--

LOCK TABLES `countries` WRITE;
/*!40000 ALTER TABLE `countries` DISABLE KEYS */;
/*!40000 ALTER TABLE `countries` ENABLE KEYS */;
UNLOCK TABLES;

--
-- Table structure for table `domains_organizations`
--

DROP TABLE IF EXISTS `domains_organizations`;
/*!40101 SET @saved_cs_client     = @@character_set_client */;
/*!40101 SET character_set_client = utf8 */;
CREATE TABLE `domains_organizations` (
  `id` int(11) NOT NULL AUTO_INCREMENT,
  `domain` varchar(128) NOT NULL,
  `is_top_domain` tinyint(1) DEFAULT NULL,
  `organization_id` int(11) NOT NULL,
  PRIMARY KEY (`id`),
  UNIQUE KEY `_domain_unique` (`domain`),
  KEY `organization_id` (`organization_id`),
  CONSTRAINT `domains_organizations_ibfk_1` FOREIGN KEY (`organization_id`) REFERENCES `organizations` (`id`) ON DELETE CASCADE ON UPDATE CASCADE
) ENGINE=InnoDB AUTO_INCREMENT=1810 DEFAULT CHARSET=utf8;
/*!40101 SET character_set_client = @saved_cs_client */;

--
-- Dumping data for table `domains_organizations`
--

LOCK TABLES `domains_organizations` WRITE;
/*!40000 ALTER TABLE `domains_organizations` DISABLE KEYS */;
INSERT INTO `domains_organizations` VALUES (1,'2n.cz',1,1),(2,'2scale.net',1,2),(3,'3alitydigital.de',1,3),(4,'3alitytechnica.com',1,3),(5,'42on.com',1,4),(6,'4pi.com',1,5),(7,'5etech.eu',1,6),(8,'5etechnologies.com',1,6),(9,'6wind.com',1,7),(10,'8d.com',1,8),(11,'99cloud.net',1,9),(12,'a10networks.com',1,10),(13,'addi-data.com',1,11),(14,'adlinktech.com',1,12),(15,'americangreetings.com',1,13),(16,'ageto.de',1,14),(17,'agix.com.au',1,15),(18,'alpha-bit.de',1,16),(19,'altlinux.com',1,17),(20,'altlinux.ru',1,17),(21,'alitech.com',1,18),(22,'amd.com',1,19),(23,'amd64.org',1,19),(24,'anduras.de',1,20),(25,'amcc.com',1,21),(26,'apm.com',1,21),(27,'arm.com',1,22),(28,'arvoo.com',1,23),(29,'arvoo.nl',1,23),(30,'asix.com.tw',1,24),(31,'att.com',1,25),(32,'attinteractive.com',1,25),(33,'atron.com',1,26),(34,'abilis.com',1,27),(35,'absolutbank.com',1,28),(36,'absolutbank.ru',1,28),(37,'linux-wlan.com',1,29),(38,'acale.ph',1,30),(39,'accenture.com',1,31),(40,'acelio.com',1,32),(41,'acision.com',1,33),(42,'acmesystems.it',1,34),(43,'aconex.com',1,35),(44,'acronis.com',1,36),(45,'actuate.com',1,37),(46,'aculab.com',1,38),(47,'ademtechnologies.com',1,39),(48,'adaptec.com',1,40),(49,'adaptivecomputing.com',1,41),(50,'adeneo-embedded.com',1,42),(51,'adetelgroup.com',1,43),(52,'adobe.com',1,44),(53,'agilemesh.com',1,45),(54,'agilent.com',1,46),(55,'aimvalley.nl',1,47),(56,'airgapit.com',1,48),(57,'airbus.com',1,49),(58,'airbusgroup.com',1,49),(59,'casaespacio.com',1,49),(60,'eads.com',1,49),(61,'airvana.com',1,50),(62,'akamai.com',1,51),(63,'akanda.io',1,52),(64,'alacritech.com',1,53),(65,'alcatel-lucent.com',1,54),(66,'alcatel-lucent.fr',1,54),(67,'alcatel.com',1,54),(68,'bell-labs.com',1,54),(69,'lucent.com',1,54),(70,'alibaba-inc.com',1,55),(71,'alibaba.com',1,55),(72,'allegro.pl',1,56),(73,'allegrogroup.com',1,56),(74,'allegrogroup.hu',1,56),(75,'allegrogroup.ro',1,56),(76,'allen-organ.com',1,57),(77,'allenorgan.com',1,57),(78,'alliedtelesis.co.nz',1,58),(79,'alsatis.com',1,59),(80,'alterway.fr',1,60),(81,'altiscale.com',1,61),(82,'altran.com',1,62),(83,'alyseo.com',1,63),(84,'amadeus.com',1,64),(85,'amarulasolutions.com',1,65),(86,'amazon.com',1,66),(87,'lab126.com',1,66),(88,'ambarella.com',1,67),(89,'amltd.com',1,68),(90,'american.edu',1,69),(91,'ammeon.com',1,70),(92,'anachron.com',1,71),(93,'anagramm.de',1,72),(94,'analog.com',1,73),(95,'anchor.com.au',1,74),(96,'anevia-group.com',1,75),(97,'anevia.com',1,75),(98,'ansible.com',1,76),(99,'ansolabs.com',1,77),(100,'answernet.com',1,78),(101,'antagonist.nl',1,79),(102,'apigee.com',1,80),(103,'appdynamics.com',1,81),(104,'appeartv.com',1,82),(105,'apple.com',1,83),(106,'aptana.com',1,85),(107,'aptira.com',1,86),(108,'arcor.de',1,88),(109,'areca.com.tw',1,89),(110,'anl.gov',1,90),(111,'arastra.com',1,91),(112,'arista.com',1,91),(113,'aristanetworks.com',1,91),(114,'arkena.com',1,92),(115,'arkoon.com',1,93),(116,'armadeus.com',1,94),(117,'bitcoinarmory.com',1,95),(118,'artecdesign.ee',1,96),(119,'artibit.com',1,97),(120,'ascom.ch',1,98),(121,'askbot.com',1,99),(122,'astaro.com',1,100),(123,'astekcorp.com',1,101),(124,'athabascau.ca',1,102),(125,'atheros.com',1,103),(126,'ait.ie',1,104),(127,'atlassian.com',1,105),(128,'atmel.com',1,106),(129,'atomia.com',1,107),(130,'atomide.com',1,108),(131,'atos.net',1,109),(132,'audioscience.com',1,110),(133,'auerswald.de',1,111),(134,'autoscout24.com',1,112),(135,'avagotech.com',1,113),(136,'avantos.com',1,114),(137,'avinetworks.com',1,115),(138,'avionic-design.de',1,116),(139,'avocent.com',1,117),(140,'avtrex.com',1,118),(141,'awcloud.com',1,119),(142,'axis.com',1,120),(143,'axway.com',1,121),(144,'azingo.com',1,122),(145,'b-labs.co.uk',0,123),(146,'b1-systems.de',1,124),(147,'bci.co.mz',1,125),(148,'Bea-solutions.com',1,126),(149,'bigbank.at',1,127),(150,'bigbank.de',1,127),(151,'bigbank.ee',1,127),(152,'bigbank.es',1,127),(153,'bigbank.eu',1,127),(154,'bigbank.lt',1,127),(155,'bmc.com',1,128),(156,'bmwgroup.com',1,129),(157,'bredex.de',1,130),(158,'bsquare.com',1,131),(159,'btchip.com',1,132),(160,'bticino.it',1,133),(161,'bvox.net',1,134),(162,'bacoosta.com',1,135),(163,'baidu.com',1,136),(164,'balabit.com',1,137),(165,'balabit.hu',1,137),(166,'banno.com',1,138),(167,'barbon.com',1,139),(168,'barco.com',1,140),(169,'baslerweb.com',1,141),(170,'bay.ws',0,142),(171,'bayan.co.ir',1,143),(172,'bazaarvoice.com',1,144),(173,'beamly.com',1,145),(174,'rising-global.com',1,146),(175,'rising.com.cn',1,146),(176,'belden.com',1,147),(177,'bestsolution.at',1,148),(178,'betterlinux.com',1,149),(179,'bigswitch.com',1,150),(180,'bigfootnetworks.com',1,151),(181,'bigppoint.com',1,152),(182,'bigppoint.net',1,152),(183,'binghamuni.edu.ng',1,153),(184,'birst.com',1,154),(185,'bit-isle.jp',1,155),(186,'bitbox.co.uk',1,156),(187,'bitgo.com',1,157),(188,'bitpay.com',1,158),(189,'bitsim.com',1,159),(190,'bitsource.org',1,160),(191,'bitwagon.com',1,161),(192,'bitcoin-contact.org',1,162),(193,'bitcoin.org.pl',1,162),(194,'bitergia.com',1,163),(195,'bitfrost.no',1,164),(196,'bitmer.com',1,165),(197,'bitsofproof.com',1,166),(198,'bivio.net',1,167),(199,'blackpearlsystems.com',1,168),(200,'rim.com',1,169),(201,'blackmesh.com',1,170),(202,'blackberry.com',1,171),(203,'blackboard.com',1,172),(204,'blankpage.ch',1,173),(205,'bluebox.net',1,174),(206,'bluetechnix.at',1,175),(207,'bluecherry.net',1,176),(208,'bluegiga.com',1,177),(209,'bluehost.com',1,178),(210,'bluewatersys.com',1,179),(211,'bodeco.io',1,180),(212,'boeing.com',1,181),(213,'bolloretelecom.eu',1,182),(214,'borland.com',1,183),(215,'bosch-sensortec.com',1,184),(216,'bosch.com',1,184),(217,'bose.com',1,185),(218,'bostontechnologies.com',1,186),(219,'boundarydevices.com',1,187),(220,'brastel.co.jp',1,188),(221,'brastel.com',1,188),(222,'thebrighttag.com',1,189),(223,'brinkster.com',1,191),(224,'broadcom.com',1,192),(225,'brocade.com',1,193),(226,'brontes3d.com',1,194),(227,'bronto.com',1,195),(228,'browserstack.com',1,196),(229,'inp.nsk.su',1,197),(230,'bull.com',1,198),(231,'bull.es',1,198),(232,'bull.fr',1,198),(233,'bull.net',1,198),(234,'buscape-inc.com',1,199),(235,'bsi-software.com',1,200),(236,'cctechnol.com',1,201),(237,'calao-systems.com',1,202),(238,'cbsinteractive.com',1,203),(239,'computergmbh.de',1,204),(240,'ccmbenchmark.com',1,205),(241,'cdi.cz',1,206),(242,'celinuxforum.org',1,207),(243,'cea.fr',1,208),(244,'cern.ch',1,209),(245,'cgi.com',1,210),(246,'cienet.com.cn',1,211),(247,'niistt.ru',1,212),(248,'cnr.it',1,213),(249,'cnrs.fr',1,214),(250,'coit.es',1,215),(251,'cpti.cetuc.puc-rio.br',1,216),(252,'csail.mit.edu',1,217),(253,'csc.com',1,218),(254,'csr.com',1,219),(255,'crs4.it',1,220),(256,'csscorp.com',1,221),(257,'ctera.com',1,222),(258,'cadsoft.de',1,223),(259,'cadence.com',1,224),(260,'ip.cadence.com',0,224),(261,'calit2.net',1,225),(262,'calit2.uci.edu',1,225),(263,'call-direct.com.au',0,226),(264,'calsoftinc.com',1,227),(265,'calva.com',1,228),(266,'calvaedi.com',1,228),(267,'calxeda.com',1,229),(268,'calyptech.com',1,230),(269,'cbnco.com',1,231),(270,'candelatech.com',1,232),(271,'canonical.com',1,233),(272,'ubuntu.com',1,233),(273,'capgemini.com',1,234),(274,'capitalone.com',1,235),(275,'capitalsalesgroup.com',1,236),(276,'cardaccess-inc.com',1,237),(277,'cardspring.com',1,238),(278,'careerbuilder.com',1,239),(279,'cmu.edu',1,240),(280,'cartodb.com',1,241),(281,'castlabs.com',1,242),(282,'catalyst.net.nz',1,243),(283,'cavium.com',1,244),(284,'caviumnetworks.com',1,244),(285,'celestrius.com',1,245),(286,'celunite.com',1,246),(287,'centtech.com',1,247),(288,'centrin.net.id',1,248),(289,'cerner.com',1,249),(290,'chaincode.com',1,250),(291,'tum.de',1,251),(292,'chargestorm.se',1,252),(293,'checkpoint.com',1,253),(294,'chef.io',1,254),(295,'opscode.com',1,254),(296,'chelsio.com',1,255),(297,'cetc.com.cn',1,256),(298,'choopa.com',1,257),(299,'chumby.com',1,258),(300,'ciklum.com',1,259),(301,'cinterion.com',1,260),(302,'circle.com',1,261),(303,'cirrax.com',1,262),(304,'cirrus.com',1,263),(305,'cirrusmio.com',1,264),(306,'cisco.com',1,265),(307,'citrix.com',1,266),(308,'cloud.com',1,266),(309,'xensource.com',1,266),(310,'clemson.edu',1,268),(311,'cloudbees.com',1,269),(312,'cloudpassage.com',1,270),(313,'cloudrunner.io',1,271),(314,'cloudvps.com',1,272),(315,'cloudvps.nl',1,272),(316,'cloudbase.it',1,273),(317,'cloudbasesolutions.com',1,273),(318,'cloudbau.de',1,274),(319,'cloudera.com',1,275),(320,'cloudian.com',1,276),(321,'cloudscaling.com',1,277),(322,'cloudsmith.com',1,278),(323,'cloudwatt.com',1,279),(324,'cloudzilla.com',1,280),(325,'clustcom.com',1,281),(326,'clusterfs.com',1,282),(327,'clusterhq.com',1,283),(328,'codeaurora.org',1,284),(329,'codelemon.com',1,285),(330,'codesourcery.com',1,286),(331,'codefidence.com',1,287),(332,'codethink.co.uk',1,288),(333,'codetrails.com',1,289),(334,'codewise.com',1,290),(335,'cogent.co',1,291),(336,'cognitree.com',1,292),(337,'cohortfs.com',1,293),(338,'coinapult.com',1,294),(339,'coinbase.com',1,295),(340,'bips.me',1,296),(341,'collabora.co.uk',1,297),(342,'collabora.com',1,297),(343,'collax.com',1,298),(344,'inchworm.io',1,299),(345,'columbia.edu',1,300),(346,'comsleep.com',1,301),(347,'comx.dk',1,302),(348,'cable.comcast.com',1,303),(349,'comcast.com',1,303),(350,'commerceguys.com',1,304),(351,'commercehub.com',1,305),(352,'cba.com.au',1,306),(353,'compulab.co.il',1,307),(354,'comrex.com',1,308),(355,'comtrade.com',1,309),(356,'consentry.com',1,310),(357,'concentris-systems.com',1,311),(358,'ccur.com',1,312),(359,'conductor.com',1,313),(360,'conectiva.com.br',1,314),(361,'conexant.com',1,315),(362,'confluent.io',1,316),(363,'connectifier.com',1,317),(364,'connectify.me',1,318),(365,'contec.at',1,319),(366,'coraid.com',1,320),(367,'coreos.com',1,321),(368,'corelatus.se',1,322),(369,'corganlabs.com',1,323),(370,'cornelius-consult.de',1,324),(371,'corscience.de',1,325),(372,'corvisa.com',1,326),(373,'cosmosbay.com',1,327),(374,'coursera.org',1,328),(375,'cray.com',1,329),(376,'cpdesign.com.au',1,330),(377,'creative.com',1,331),(378,'creativelabs.com',1,331),(379,'arkea.com',1,332),(380,'creytiv.com',1,333),(381,'criticallink.com',1,334),(382,'critical-links.com',1,335),(383,'crossing-tech.com',1,336),(384,'crunchydatasolutions.com',1,337),(385,'crystalfontz.com',1,338),(386,'Ctrip.com',1,339),(387,'cumulusnetworks.com',1,340),(388,'curvedental.com',1,341),(389,'cyberguard.com',1,342),(390,'cyberswitching.com',1,343),(391,'cybera.com',1,344),(392,'cybera.net',1,344),(393,'cybernetics.com',1,345),(394,'cypress.com',1,346),(395,'melware.de',1,347),(396,'dave.eu',1,348),(397,'dektech.com.au',1,349),(398,'dekaresearch.com',1,350),(399,'denx-cs.de',1,351),(400,'denx.de',1,352),(401,'dkrz.de',1,353),(402,'dmp.com.tw',1,354),(403,'dmx.com',1,355),(404,'dresearch-fe.de',1,356),(405,'dresearch.de',1,356),(406,'dso.org.sg',1,357),(407,'dspecialists.de',1,358),(408,'dti2.net',1,359),(409,'3ds.com',1,360),(410,'exalead.com',1,360),(411,'datalab.es',1,361),(412,'databricks.com',1,362),(413,'sugon.com',1,363),(414,'daybyday.nl',1,364),(415,'debian.org',1,365),(416,'defora.org',1,366),(417,'dell.com',1,367),(418,'software.dell.com',1,367),(419,'deltaww.com',1,368),(420,'denali-systems.com',1,369),(421,'densan.co.jp',1,370),(422,'dtcc.com',1,371),(423,'despegar.com',1,372),(424,'telekom.com',1,373),(425,'telekom.de',1,373),(426,'develtech.com',1,374),(427,'devicescape.com',1,375),(428,'devoteam.com',1,376),(429,'devoteam.es',1,376),(430,'dexels.com',1,377),(431,'dibcom.fr',1,378),(432,'dialog-semiconductor.com',1,379),(433,'diasemi.com',1,379),(434,'diamond.ac.uk',1,380),(435,'digi.com',1,381),(436,'digia.com',1,382),(437,'digigram.com',1,383),(438,'digidescorp.com',1,384),(439,'digitaldevices.de',1,385),(440,'digitalriver.com',1,386),(441,'digium.com',1,387),(442,'docker.com',1,388),(443,'domicilium.com',1,389),(444,'dornerworks.com',1,390),(445,'doredevelopment.dk',1,391),(446,'douban.com',1,392),(447,'dreamhost.com',1,393),(448,'newdream.net',1,393),(449,'dreamwidth.org',1,394),(450,'drillinginfo.com',1,395),(451,'egoproducts.com',1,396),(452,'ecitele.com',1,397),(453,'ef.com',1,398),(454,'efjohnson.com',1,399),(455,'eia.be',1,400),(456,'ebts.fi',1,401),(457,'eke.fi',1,401),(458,'emc.com.tw',1,402),(459,'elpa.it',1,403),(460,'ematech.fr',1,404),(461,'emc.com',1,405),(462,'ems-wuensche.com',1,406),(463,'enac.fr',1,407),(464,'enea.com',1,408),(465,'ens-lyon.eu',1,409),(466,'ensi-bourges.fr',1,410),(467,'epam.com',1,411),(468,'eqware.net',1,412),(469,'escrypt.com',1,413),(470,'esd-electronics.com',1,414),(471,'esd.eu',1,414),(472,'ethz.ch',1,415),(473,'ezchip.com',1,416),(474,'easyesi.com',1,417),(475,'easystack.cn',1,418),(476,'eaternity.ch',1,419),(477,'eclipse.org',1,420),(478,'eclipsesource.com',1,421),(479,'polymtl.ca',1,422),(480,'edesix.com',1,423),(481,'edinburgh-robotics.org',1,424),(482,'efficios.com',1,425),(483,'elandigitalsystems.com',1,426),(484,'elance.com',1,427),(485,'elasticpath.com',1,428),(486,'elastichosts.co.uk',1,429),(487,'elastichosts.com',1,429),(488,'elbrys.com',1,430),(489,'ea.com',1,431),(490,'katamail.com',1,432),(491,'elitecore.com',1,434),(492,'elliptictech.com',1,435),(493,'emcraft.com',1,436),(494,'embarcadero.com',1,437),(495,'embeddedalley.com',1,438),(496,'ema-tech.com',1,439),(497,'embedded-sol.com',1,440),(498,'emberjs.com',1,441),(499,'embrane.com',1,442),(500,'emerson.com',1,443),(501,'empirix.com',1,444),(502,'empolis.com',1,445),(503,'emulex.com',1,446),(504,'endian.com',1,447),(505,'endian.se',1,448),(506,'endrelia.com',1,449),(507,'watchdogone.com',1,449),(508,'endurancewindpower.com',1,450),(509,'enter.it',1,451),(510,'entropywave.com',1,452),(511,'epsilou.com',1,453),(512,'ericsson.com',1,454),(513,'escient.com',1,455),(514,'essensium.com',1,456),(515,'mind.be',1,457),(516,'etchedpixels.co.uk',1,458),(517,'etersoft.ru',1,459),(518,'etna-alternance.net',1,461),(519,'eucalyptus.com',1,462),(520,'eukrea.com',1,463),(521,'eurek.it',1,464),(522,'eurogiciel.fr',1,465),(523,'eurotech-ltd.co.uk',1,466),(524,'eurotech.com',1,466),(525,'eventechnologiesinc.com',1,467),(526,'everbread.com',1,468),(527,'everlaw.com',1,469),(528,'everteq.com',1,470),(529,'evidence.eu.com',1,471),(530,'exar.com',1,472),(531,'exist.com',1,473),(532,'exosec.fr',1,474),(533,'xes-inc.com',1,475),(534,'eyeviewdigital.com',1,476),(535,'fgan.de',1,477),(536,'finn.no',1,478),(537,'fit-tecnologia.org.br',1,479),(538,'fzi.de',1,480),(539,'fb.com',1,481),(540,'nppfactor.kiev.ua',1,482),(541,'fairfaxmedia.com.au',1,483),(542,'faraday-tech.com',1,484),(543,'fastpath.it',1,486),(544,'fathomdb.com',1,487),(545,'ufcg.edu.br',1,488),(546,'fnal.gov',1,489),(547,'fixstars.com',1,490),(548,'flickerbox.com',1,491),(549,'flipboard.com',1,492),(550,'flipkart.com',1,493),(551,'fon.com',1,494),(552,'fox-it.com',1,495),(553,'fracturecode.com',1,496),(554,'fragnetics.com',1,497),(555,'fraunhofer.de',1,498),(556,'fhr.fraunhofer.de',1,499),(557,'fkie.fraunhofer.de',1,500),(558,'fokus.fraunhofer.de',1,501),(559,'free-electrons.com',1,502),(560,'fsf.org',1,503),(561,'freebox.fr',1,504),(562,'freescale.com',1,505),(563,'frequentis.com',1,508),(564,'cn.fujitsu.com',0,509),(565,'fujitsu.com',1,509),(566,'jp.fujitsu.com',0,509),(567,'fujitsu-siemens.com',1,510),(568,'fullcontact.com',1,511),(569,'fullsix.com',1,512),(570,'fusionio.com',1,513),(571,'ftdichip.com',1,514),(572,'gts.it',1,515),(573,'gamic.com',1,516),(574,'geautomation.com',1,517),(575,'gefanuc.com',1,517),(576,'gnu.org',1,518),(577,'gplhost.com',1,519),(578,'gvs.co.yu',1,520),(579,'gaisler.com',1,521),(580,'galvanix.com',1,522),(581,'gameservers.com',1,523),(582,'genua.de',1,524),(583,'geek.net',1,525),(584,'genband.com',1,526),(585,'ga-safety.net',1,527),(586,'ge.com',1,528),(587,'gentoo.org',1,529),(588,'genuitec.com',1,530),(589,'geomatys.fr',1,531),(590,'geometrics.com',1,532),(591,'gtri.gatech.edu',1,533),(592,'geoteq.com',1,534),(593,'getupcloud.com',1,535),(594,'gigaspaces.com',1,536),(595,'gik.de',1,537),(596,'gini.net',1,538),(597,'github.com',0,539),(598,'gitter.im',1,540),(599,'geicp.com',1,541),(600,'glencoesoftware.com',1,542),(601,'globallogic.com',1,543),(602,'gluster.com',1,544),(603,'zresearch.com',1,544),(604,'godaddy.com',1,545),(605,'gocept.com',1,547),(606,'goldcircle.co.za',1,548),(607,'gooddata.com',1,549),(608,'android.com',1,550),(609,'chrome.com',1,550),(610,'chromium.org',1,550),(611,'google.com',1,550),(612,'gorillalogic.com',1,551),(613,'eia.grammer.com',0,552),(614,'grammer.com',1,552),(615,'grassvalley.com',1,553),(616,'greenenergycorp.com',1,554),(617,'greenturtles.in',1,555),(618,'griddynamics.com',1,557),(619,'grid-net.com',1,558),(620,'gridapp.com',1,559),(621,'gridcentric.ca',1,560),(622,'griffin.net',1,561),(623,'grml.org',1,562),(624,'wp.pl',1,563),(625,'gdsys.de',1,564),(626,'hd-wireless.se',1,565),(627,'hale.at',1,566),(628,'exceliance.fr',1,567),(629,'haproxy.com',1,567),(630,'hcl.com',1,568),(631,'hcl.in',1,568),(632,'hcltech.com',1,568),(633,'hermes-softlab.com',1,570),(634,'hevs.ch',1,571),(635,'hgst.com',1,572),(636,'hhcn.com',1,573),(637,'cpqcorp.net',1,574),(638,'hp.com',1,574),(639,'hp.es',1,574),(640,'palm.com',1,574),(641,'hpe.com *',0,575),(642,'hvsistemas.es',1,576),(643,'halon.se',1,577),(644,'happiestminds.com',1,578),(645,'harbaum.org',1,579),(646,'mybecker.com',1,579),(647,'harris.com',1,580),(648,'hastexo.com',1,581),(649,'hatsize.com',1,582),(650,'hauppauge.com',1,583),(651,'uniklinik-duesseldorf.de',1,584),(652,'heroku.com',1,585),(653,'hibernate.org',1,586),(654,'highpoint-tech.com',1,587),(655,'hitachi.co.jp',1,588),(656,'hitachi.com',1,588),(657,'hitachiconsulting.com',1,588),(658,'hitachisoft.jp',1,588),(659,'hds.com',1,589),(660,'holoscopio.com',1,590),(661,'hortonworks.com',1,591),(662,'hostplex.net',1,592),(663,'hostway.com',1,593),(664,'huawei.com',1,594),(665,'hubspot.com',1,595),(666,'hurontech.com',1,596),(667,'iav.com',1,598),(668,'ibh-systems.com',1,599),(669,'au1.ibm.com',0,600),(670,'br.ibm.com',0,600),(671,'ca.ibm.com',0,600),(672,'cn.ibm.com',0,600),(673,'de.ibm.com',0,600),(674,'ibm.com',1,600),(675,'il.ibm.com',0,600),(676,'in.ibm.com',0,600),(677,'linux.vnet.ibm.com',0,600),(678,'ozlabs.org',1,600),(679,'platform.com',1,600),(680,'us.ibm.com',0,600),(681,'icplus.com.tw',1,601),(682,'ifm.com',1,602),(683,'isst.fraunhofer.de',1,603),(684,'imc-chicago.com',1,604),(685,'ims.co.at',1,605),(686,'e-teleport.net',1,606),(687,'imsnetworks.com',1,606),(688,'intermediasud.com',0,606),(689,'inov.pt',1,607),(690,'inria.fr',1,608),(691,'indt.org',1,609),(692,'indt.org.br',1,609),(693,'ipax.at',1,610),(694,'ipinyou.com',1,611),(695,'iram-institute.org',1,612),(696,'iram.es',1,612),(697,'iram.fr',1,612),(698,'isee.biz',1,613),(699,'iseebcn.com',1,613),(700,'isi.edu',1,614),(701,'isti.cnr.it',1,615),(702,'it-offshore.co.uk',1,616),(703,'itrefined.com',1,617),(704,'ithaka.org',1,618),(705,'itt.com',1,619),(706,'itpearls.com',1,620),(707,'ivitera.com',1,621),(708,'ibrix.com',1,622),(709,'igalia.com',1,623),(710,'imgtec.com',1,624),(711,'immobilienscout24.de',1,625),(712,'ibnads.com',1,626),(713,'instoreaudionetwork.com',1,626),(714,'inhand.com',1,627),(715,'include7.ch',0,628),(716,'indesign-llc.com',1,629),(717,'industrial-tsi.com',1,631),(718,'inepro.com',1,632),(719,'infinity-tracking.net',1,633),(720,'infoobjects.com',1,634),(721,'infochimps.com',1,635),(722,'infor.com',1,636),(723,'ingate.com',1,637),(724,'inktank.com',1,638),(725,'innominate.com',1,639),(726,'innoopract.com',1,640),(727,'innovsys.com',1,641),(728,'sinnovsys.com',1,641),(729,'inpun.by',1,642),(730,'insignal.co.kr',1,643),(731,'inl.fr',1,644),(732,'ispras.ru',1,645),(733,'eldorado.org.br',1,646),(734,'i-tech.si',1,647),(735,'intalio.com',1,648),(736,'idt.com',1,649),(737,'intel.com',1,650),(738,'intellitree.com',1,651),(739,'inin.com',1,652),(740,'internap.com',1,653),(741,'itelematic.com',1,654),(742,'internetbrands.com',1,655),(743,'intra2net.com',1,656),(744,'inuits.eu',1,657),(745,'invisiblethingslab.com',1,658),(746,'iba-group.com',1,659),(747,'iba-worldwide.com',1,659),(748,'ironsystems.com',1,660),(749,'iroquoisystems.com',1,661),(750,'holik.at',1,662),(751,'ixiacom.com',1,663),(752,'ixonos.com',1,664),(753,'izeltech.com',1,665),(754,'jcz.nl',1,666),(755,'jda.com',1,667),(756,'jfrog.com',1,668),(757,'jhuapl.edu',1,669),(758,'jpberlin.de',1,670),(759,'jazkarta.com',1,671),(760,'lemote.com',1,672),(761,'jivesoftware.com',1,673),(762,'jhu.edu',1,674),(763,'jotron.com',1,675),(764,'jumpnowtek.com',1,676),(765,'jungo.com',1,677),(766,'juniper.net',1,678),(767,'kcomputing.com',1,679),(768,'kdemail.net',1,680),(769,'kfki.hu',1,681),(770,'kpit.com',1,682),(771,'kpitcummins.com',1,682),(772,'kt.com',1,683),(773,'kth.se',1,684),(774,'kvhasia.com',1,685),(775,'karo-electronics.de',1,686),(776,'kit.edu',1,687),(777,'lists.kit.edu',0,687),(778,'katalix.com',1,688),(779,'kedacom.co',1,689),(780,'keepertech.com',1,690),(781,'kentrox.com',1,691),(782,'kerlabs.com',1,692),(783,'kernelconcepts.de',1,693),(784,'kernellabs.com',1,694),(785,'keymile.com',1,695),(786,'kionix.com',1,696),(787,'klocwork.com',1,697),(788,'kloud.com.au',1,698),(789,'knewton.com',1,699),(790,'knowledgetree.com',1,700),(791,'kolabsystems.com',1,701),(792,'kontron.com',1,702),(793,'ksplice.com',1,703),(794,'kylin-cloud.com',1,704),(795,'lntinfotech.com',1,705),(796,'ld-didactic.de',1,706),(797,'lg.com',1,707),(798,'lge.com',1,707),(799,'linbit.com',1,708),(800,'lsbd.ufc.br',1,709),(801,'lsd.ufcg.edu.br',1,709),(802,'lsexperts.de',1,710),(803,'lsi.com',1,711),(804,'lsil.com',1,711),(805,'lwn.net',1,712),(806,'lahondaresearch.org',1,713),(807,'lacie.com',1,714),(808,'lafayette.edu',1,715),(809,'lantiq.com',1,716),(810,'laurelnetworks.com',1,717),(811,'lavabit.com',1,718),(812,'llnl.gov',1,719),(813,'lii-enac.fr',1,720),(814,'lesbg.com',1,721),(815,'letv.com',1,722),(816,'lippert-at.de',1,723),(817,'lippertembedded.de',1,723),(818,'liaison.com',1,724),(819,'liewenthal.ee',1,725),(820,'linsyssoft.com',1,726),(821,'linagora.com',1,727),(822,'linaro.org',1,728),(823,'linkedin.com',1,729),(824,'linux-foundation.org',1,730),(825,'linuxfoundation.org',1,730),(826,'osdl.org',1,730),(827,'lnxi.com',1,731),(828,'linuxbox.cz',1,732),(829,'linuxant.com',1,733),(830,'litestack.com',1,734),(831,'litecoin.org',1,735),(832,'liveramp.com',1,736),(833,'lizardq.de',1,737),(834,'loadbalancer.org',1,738),(835,'locaweb.com.br',1,739),(836,'lodgens.com',1,740),(837,'logicsupply.com',1,741),(838,'logitech.com',1,742),(839,'linx.net',1,743),(840,'lookout.com',1,744),(841,'lanl.gov',1,745),(842,'lucidworks.com',1,746),(843,'control.lth.se',0,747),(844,'lth.se',1,747),(845,'lyrtech.com',1,748),(846,'lyveminds.com',1,749),(847,'mn-solutions.de',1,750),(848,'m2r.biz',1,751),(849,'macom.com',1,752),(850,'mesutronic.de',1,753),(851,'mev.co.uk',1,754),(852,'mips.com',1,755),(853,'mit.edu',1,756),(854,'ll.mit.edu',1,757),(855,'mjsgadgets.com',1,758),(856,'mm-sol.com',1,759),(857,'modsystems.com',1,760),(858,'mpc-data.co.uk',1,761),(859,'mpcdata.com',1,761),(860,'mrv.com',1,762),(861,'mscopensource.se',1,763),(862,'exm32.com',1,764),(863,'msc-ge.com',1,764),(864,'msc-technologies.eu',1,764),(865,'msystechnologies.com',1,765),(866,'macqel.be',1,766),(867,'macqel.com',1,766),(868,'magento-development.com',1,767),(869,'maginatics.com',1,768),(870,'mainpine.com',1,769),(871,'majitek.com',1,770),(872,'managedit.ie',1,771),(873,'mssgmbh.com',1,772),(874,'mandriva.com',1,773),(875,'mandriva.com.br',1,773),(876,'mandriva.org',1,773),(877,'maprtech.com',1,774),(878,'mns.spb.ru',1,775),(879,'martinsson.se',1,776),(880,'marvell.com',1,777),(881,'matriksdata.com',1,778),(882,'matrixorbital.ca',1,779),(883,'matrix-vision.com',1,780),(884,'matrix-vision.de',1,780),(885,'matrox.com',1,781),(886,'mpg.de',1,782),(887,'maxlinear.com',1,783),(888,'maxim-ic.com',1,784),(889,'maxtrack.com.br',1,785),(890,'mcafee.com',1,786),(891,'snapgear.com',1,786),(892,'medhost.com',1,787),(893,'mlb.co.jp',1,788),(894,'mediatek.com',1,789),(895,'mediabistro.com',1,790),(896,'medianatech.com',1,791),(897,'mdsol.com',1,792),(898,'melexis.com',1,793),(899,'mellanox.co.il',1,794),(900,'mellanox.com',1,794),(901,'memset.com',1,795),(902,'mentor.com',1,796),(903,'mercdev.com',1,797),(904,'mercuryhmi.co.uk',1,798),(905,'mimc.co.uk',1,798),(906,'meruvian.com',1,799),(907,'messagenetcommunicationsystems.com',1,800),(908,'messagenetsystems.com',1,800),(909,'metacloud.com',1,801),(910,'metamarkets.com',1,802),(911,'meteor.ie',1,803),(912,'meteor.com',1,804),(913,'metzlerbros.de',1,805),(914,'mitac.com',1,806),(915,'micrel.com',1,807),(916,'msi.com',1,808),(917,'msi.com.tw',1,808),(918,'microgate.com',1,809),(919,'microbit.se',1,810),(920,'microchip.com',1,811),(921,'micromodi.com',1,812),(922,'micron.com',1,813),(923,'microsoft.com',1,814),(924,'midokura.com',1,815),(925,'midokura.jp',1,815),(926,'mikrotik.com',1,816),(927,'millicom.com',1,817),(928,'mindbit.ro',1,818),(929,'mindspeed.com',1,819),(930,'miraclelinux.com',1,820),(931,'mirantis.com',1,821),(932,'miromico.ch',1,822),(933,'missinglinkelectronics.com',1,823),(934,'mistralsolutions.com',1,824),(935,'es.mitel.com',0,825),(936,'mitel.com',1,825),(937,'mobile-devices.com',1,826),(938,'mocean-labs.com',1,827),(939,'mti.ag',1,828),(940,'modpow.es',1,829),(941,'mojain.com',1,830),(942,'moldiscovery.com',1,831),(943,'momentumsi.com',1,832),(944,'mvista.com',1,833),(945,'montages.com',1,834),(946,'morphlabs.com',1,835),(947,'mortardata.com',1,836),(948,'motorola.com',1,837),(949,'movial.com',1,838),(950,'movial.fi',1,838),(951,'mozilla.org',1,839),(952,'mtekvision.com',1,840),(953,'mulesoft.com',1,841),(954,'mynet.at',1,842),(955,'myri.com',1,843),(956,'nasa.gov',1,844),(957,'az.jp.nec.com',0,845),(958,'bu.jp.nec.com',0,845),(959,'cq.jp.nec.com',0,845),(960,'da.jp.nec.com',0,845),(961,'mxk.nes.nec.co.jp',0,845),(962,'mxs.nes.nec.co.jp',0,845),(963,'nec-labs.com',0,845),(964,'nec.co.jp',1,845),(965,'nec.com',1,845),(966,'necel.com',1,845),(967,'necst.nec.co.jp',0,845),(968,'nectechnologies.in',1,845),(969,'netasq.com',1,846),(970,'niif.hu',1,847),(971,'niisi.ru',1,848),(972,'nist.gov',1,849),(973,'npr.org',1,850),(974,'nrel.gov',1,851),(975,'intellilink.co.jp',1,852),(976,'lab.ntt.co.jp',0,852),(977,'ntt.co.jp',1,852),(978,'ntt.com',1,852),(979,'nttmcl.com',1,852),(980,'ntts.co.jp',1,852),(981,'po.ntts.co.jp',0,852),(982,'vertex.co.in',1,852),(983,'nttdata.co.jp',1,853),(984,'nttdata.com',1,853),(985,'nuxeo.com',1,854),(986,'nvidia.com',1,855),(987,'nxp.com',1,856),(988,'dtv.nagra.com',0,857),(989,'nagra.com',1,857),(990,'namesys.com',1,858),(991,'nanometrics.ca',1,859),(992,'ncbi.nlm.nih.gov',1,860),(993,'nectec.or.th',1,861),(994,'nicta.com.au',1,862),(995,'aist.go.jp',1,863),(996,'ni.com',1,864),(997,'nudt.edu.cn',1,865),(998,'navmanwireless.com',1,866),(999,'nectar.org.au',1,867),(1000,'nebula.com',1,868),(1001,'neotion.com',1,869),(1002,'neratec.com',1,870),(1003,'nerdkits.com',1,871),(1004,'netinsight.net',1,872),(1005,'netapp.com',1,873),(1006,'netbsd.org',1,874),(1007,'corp.netease.com',0,875),(1008,'netease.com',1,875),(1009,'neteffects.com',1,876),(1010,'netlogicmicro.com',1,877),(1011,'etone.co.jp',1,878),(1012,'netspectrum.ca',1,879),(1013,'netspectrum.com',1,879),(1014,'netup.ru',1,880),(1015,'netxen.com',1,881),(1016,'neterion.com',1,882),(1017,'neterra.net',1,883),(1018,'neterra.tv',1,883),(1019,'corp.netflix.com',0,884),(1020,'netflix.com',1,884),(1021,'netronome.com',1,885),(1022,'netservers.co.uk',1,886),(1023,'netstal.com',1,887),(1024,'nexenta.com',0,888),(1025,'nexeya.com',1,889),(1026,'nexeya.fr',1,889),(1027,'nexor.com',1,890),(1028,'nextio.com',1,891),(1029,'nexusis.com',1,892),(1030,'niasdigital.com',1,893),(1031,'nicira.com',1,894),(1032,'nike.com',1,895),(1033,'nimag.net',1,896),(1034,'nimbisservices.com',1,897),(1035,'nimblestorage.com',1,898),(1036,'ninkip2p.com',1,899),(1037,'nokia.com',1,900),(1038,'networks.nokia.com',1,901),(1039,'nsn.com',1,901),(1040,'nomadgcs.com',1,902),(1041,'nomadgs.com',1,902),(1042,'nomadio.net',1,903),(1043,'nomovok.com',1,904),(1044,'norbit.no',1,905),(1045,'nortel.com',1,906),(1046,'nuc.edu.cn',1,907),(1047,'ndigital.com',1,908),(1048,'norwegian.no',1,909),(1049,'foreseehome.com',1,910),(1050,'notalvision.com',1,910),(1051,'nuovasystems.com',1,911),(1052,'nvtl.com',1,912),(1053,'novell.com',1,913),(1054,'nuagenetworks.net',1,914),(1055,'numascale.com',1,915),(1056,'numergy.com',1,916),(1057,'numlog.fr',1,917),(1058,'nuovations.com',1,918),(1059,'nutaq.com',1,919),(1060,'nuvoton.com',1,920),(1061,'ossystems.com.br',1,921),(1062,'obeo.fr',1,922),(1063,'octo.com',1,923),(1064,'oktetlabs.ru',1,924),(1065,'laptop.org',1,925),(1066,'omicron.at',1,926),(1067,'onelan.co.uk',1,927),(1068,'onelan.com',1,927),(1069,'onera.fr',1,928),(1070,'onstor.com',1,929),(1071,'oodrive.com',1,930),(1072,'orsoc.se',1,931),(1073,'osadl.org',1,932),(1074,'osdn.jp',1,933),(1075,'ovh.net',1,934),(1076,'ornl.gov',1,935),(1077,'oberthur.com',1,936),(1078,'objectif-libre.com',1,937),(1079,'observision.com',1,938),(1080,'obsidianresearch.com',1,939),(1081,'ocado.com',1,940),(1082,'octant-fr.com',0,941),(1083,'octant.org',1,941),(1084,'octasic.com',1,942),(1085,'oce.com',1,943),(1086,'okisemi.com',1,944),(1087,'okstate.edu',1,945),(1088,'onlive.com',1,946),(1089,'onthe.net.au',1,947),(1090,'onetechnologies.net',1,948),(1091,'one.com',1,949),(1092,'onescreen.com',1,950),(1093,'onyxneon.com',1,951),(1094,'onyxpoint.com',1,952),(1095,'ooyala.com',1,953),(1096,'opcoach.com',1,954),(1097,'ogc.us',1,955),(1098,'opengridcomputing.com',1,955),(1099,'open-nandra.com',1,956),(1100,'openbossa.org',1,957),(1101,'openbsd.org',1,958),(1102,'c12g.com',1,959),(1103,'opennebula.systems',1,959),(1104,'openstack.org',1,960),(1105,'openedhand.com',1,961),(1106,'openwall.com',1,962),(1107,'opower.com',1,963),(1108,'optiflows.com',1,964),(1109,'option.com',1,965),(1110,'optiver.com',1,966),(1111,'oracle.com',1,967),(1112,'orange.com',1,968),(1113,'orbitz.com',1,969),(1114,'osones.com',1,970),(1115,'outpostembedded.com',1,971),(1116,'rapidrollout.com',1,971),(1117,'overstock.com',1,972),(1118,'oxilion.nl',1,973),(1119,'pasemi.com',1,974),(1120,'pcs.com',1,975),(1121,'pcs.de',1,975),(1122,'pcsol.be',1,976),(1123,'phytec.de',1,977),(1124,'piap.pl',1,978),(1125,'pikatech.com',1,979),(1126,'plumgrid.com',1,980),(1127,'plxtech.com',1,981),(1128,'pmc-sierra.com',1,982),(1129,'pre-sense.de',1,983),(1130,'promise.com',1,984),(1131,'pros.com',1,985),(1132,'pwcavis.sk',1,986),(1133,'pwienterprises.com',1,987),(1134,'pnl.gov',1,988),(1135,'pnnl.gov',1,988),(1136,'pagero.com',1,989),(1137,'palantir.com',1,990),(1138,'panasas.com',1,991),(1139,'panasonic.com',1,992),(1140,'papercut.biz',1,993),(1141,'papercut.com',1,993),(1142,'openvz.org',1,994),(1143,'parallels.com',1,994),(1144,'sw.ru',1,994),(1145,'swsoft.com',1,994),(1146,'pardus.org.tr',1,995),(1147,'parkeon.com',1,996),(1148,'parrot.com',1,997),(1149,'pavlinux.ru',1,998),(1150,'paypal.com',1,999),(1151,'ecollege.com',1,1000),(1152,'mprc.pku.edu.cn',1,1001),(1153,'pelagicore.com',1,1002),(1154,'pengutronix.de',1,1003),(1155,'percona.com',1,1004),(1156,'persistent.co.in',1,1005),(1157,'petalogix.com',1,1006),(1158,'phase2technology.com',1,1007),(1159,'mathematik.uni-marburg.de',0,1008),(1160,'uni-marburg.de',1,1008),(1161,'philosys.de',1,1009),(1162,'phoenix.com',1,1010),(1163,'photobucket.com',1,1011),(1164,'pikron.com',1,1012),(1165,'pistoncloud.com',1,1013),(1166,'pitneybowes.com',1,1014),(1167,'gopivotal.com',1,1015),(1168,'pivotal.io',1,1015),(1169,'pixartargentina.com.ar',1,1016),(1170,'plan-group.com',1,1017),(1171,'planet.com',1,1018),(1172,'planonsoftware.com',1,1019),(1173,'plugable.com',1,1020),(1174,'pogoapp.com',1,1021),(1175,'polybeacon.com',1,1022),(1176,'polycom.com',1,1023),(1177,'prevas.dk',1,1024),(1178,'prezi.com',1,1025),(1179,'primarydata.com',1,1026),(1180,'profusion.mobi',1,1027),(1181,'profihost.com',1,1028),(1182,'proformatique.com',1,1029),(1183,'profusion.com',1,1030),(1184,'progress.com',1,1031),(1185,'pmi.org',1,1032),(1186,'prolan.hu',1,1033),(1187,'promwad.com',1,1034),(1188,'prophetstor.com',1,1035),(1189,'prosyst.com',1,1036),(1190,'protei.ru',1,1037),(1191,'protocollabs.com',1,1038),(1192,'protos.de',1,1039),(1193,'publicrelay.com',1,1040),(1194,'puppetlabs.com',1,1041),(1195,'purestorage.com',1,1042),(1196,'puzzle.ch',1,1043),(1197,'ir.qlogic.com',0,1044),(1198,'qlogic.com',1,1044),(1199,'qnx.com',1,1045),(1200,'qualitance.com',1,1046),(1201,'360.cn',1,1047),(1202,'qisda.com',1,1048),(1203,'qt.io',1,1049),(1204,'qualcomm.com',1,1050),(1205,'quicinc.com',1,1050),(1206,'qca.qualcomm.com',1,1051),(1207,'quantatw.com',1,1052),(1208,'quantumcontrols.nl',1,1053),(1209,'qubitdigital.com',1,1054),(1210,'quixey.com',1,1055),(1211,'qumranet.com',1,1056),(1212,'qunar.com',1,1057),(1213,'quobyte.com',1,1058),(1214,'rsi-elektrotechnik.de',1,1059),(1215,'rapicorp.com',1,1060),(1216,'rcp-vision.com',1,1061),(1217,'rdc.com.tw',1,1062),(1218,'rea-elektronik.net',1,1063),(1219,'rgmadvisors.com',1,1064),(1220,'rgensolutions.com',1,1065),(1221,'risc-software.at',1,1066),(1222,'risesecurity.org',1,1067),(1223,'road.de',1,1068),(1224,'racelogic.co.uk',1,1069),(1225,'rackspace.co.uk',1,1070),(1226,'rackspace.com',1,1070),(1227,'radware.com',1,1071),(1228,'rajant.com',1,1072),(1229,'mail.rakuten.com',1,1073),(1230,'ralinktech.com',1,1074),(1231,'rallydev.com',1,1075),(1232,'rapid7.com',1,1076),(1233,'raumfeld.com',1,1077),(1234,'ravellosystems.com',1,1078),(1235,'raytheon.com',1,1079),(1236,'razorblue.com',1,1080),(1237,'reaktor.fi',1,1081),(1238,'rtr.ca',1,1082),(1239,'realvnc.com',1,1083),(1240,'realsil.com.cn',1,1084),(1241,'realtek.com',1,1085),(1242,'realtek.com.tw',1,1085),(1243,'redflag-linux.com',1,1086),(1244,'fedoraproject.org',1,1087),(1245,'redhat.com',1,1087),(1246,'weilnetz.de',1,1087),(1247,'redbrickhealth.com',1,1089),(1248,'redpill-linpro.com',0,1090),(1249,'reflexsystems.co.uk',1,1091),(1250,'ril.com',1,1092),(1251,'renesas.com',1,1093),(1252,'renesas.eu',1,1093),(1253,'reportlab.com',1,1094),(1254,'restorepoint.com',1,1095),(1255,'rheinmetall.ca',1,1096),(1256,'rheinmetall-de.com',1,1097),(1257,'rheinmetall-defence.com',1,1097),(1258,'ridgerun.com',1,1098),(1259,'riedel.net',1,1099),(1260,'rightscale.com',1,1100),(1261,'riotgames.com',1,1101),(1262,'risingtidesystems.com',1,1102),(1263,'rms.com',1,1103),(1264,'riskive.com',1,1104),(1265,'riverbed.com',1,1105),(1266,'roaldvanloon.nl',1,1106),(1267,'rocket-internet.de',1,1108),(1268,'rockwell.com',1,1109),(1269,'rockwellautomation.com',1,1109),(1270,'rockwellcollins.com',1,1110),(1271,'rw-gmbh.de',1,1111),(1272,'roku.com',1,1112),(1273,'rowland.harvard.edu',1,1113),(1274,'ruggedcom.com',1,1114),(1275,'ruijie.com.cn',1,1115),(1276,'ruijienetworks.com',1,1115),(1277,'rutgers.edu',1,1116),(1278,'revolutionlinux.com',1,1117),(1279,'sanpeople.com',1,1118),(1280,'sap.com',1,1119),(1281,'sas.com',1,1121),(1282,'sc5.io',1,1122),(1283,'sdgsystems.com',1,1123),(1284,'ses-astra.com',1,1124),(1285,'ses.com',1,1124),(1286,'neufcegetel.fr',1,1125),(1287,'sfr.fr',1,1125),(1288,'sgi.com',1,1126),(1289,'sice.com',1,1127),(1290,'sigma-chemnitz.de',1,1128),(1291,'sios.com',1,1129),(1292,'us.sios.com',0,1129),(1293,'smartx-cn.com',1,1130),(1294,'zelin.io',1,1130),(1295,'smsc.com',1,1131),(1296,'sri.com',1,1132),(1297,'rdi-kvant.ru',1,1133),(1298,'stericsson.com',1,1134),(1299,'st.com',1,1135),(1300,'suse.com',1,1136),(1301,'suse.cz',1,1136),(1302,'suse.de',1,1136),(1303,'swcomplete.com',1,1137),(1304,'switch.ch',1,1138),(1305,'systec-electronic.com',1,1139),(1306,'sysgo.com',1,1140),(1307,'sabayon.org',1,1141),(1308,'sabayonlinux.org',1,1141),(1309,'safari.to',1,1142),(1310,'sage.com',1,1143),(1311,'sagem.com',1,1144),(1312,'sailpoint.com',1,1145),(1313,'salesforce.com',1,1146),(1314,'saltstack.com',1,1147),(1315,'samsung.com',1,1148),(1316,'sandisk.com',1,1149),(1317,'sandia.gov',1,1150),(1318,'savantav.com',1,1151),(1319,'savoirfairelinux.com',1,1152),(1320,'saxnet.de',1,1153),(1321,'scalemp.com',1,1154),(1322,'scality.com',1,1155),(1323,'scapatech.com',1,1156),(1324,'scholarstack.com',1,1157),(1325,'sf-tec.de',1,1158),(1326,'stfc.ac.uk',1,1159),(1327,'scilab-enterprises.com',0,1160),(1328,'evault.com',1,1161),(1329,'secretlab.ca',1,1162),(1330,'moreton.com.au',1,1163),(1331,'securecomputing.com',1,1163),(1332,'seegno.com',1,1164),(1333,'selectel.ru',1,1165),(1334,'cse-semaphore.com',1,1166),(1335,'semihalf.com',1,1167),(1336,'sendfaster.com',1,1168),(1337,'sendgrid.com',1,1169),(1338,'sensirion.com',1,1170),(1339,'sensoray.com',1,1171),(1340,'sensortherm.de',1,1172),(1341,'sentelic.com',1,1173),(1342,'sequoia.it',1,1174),(1343,'serverengines.com',1,1175),(1344,'seven.com',1,1176),(1345,'sferia.pl',1,1177),(1346,'shawhintech.com',1,1178),(1347,'shiny.it',1,1179),(1348,'shinystat.com',1,1179),(1349,'shotgunsoftware.com',1,1180),(1350,'shutterstock.com',1,1181),(1351,'siano-ms.com',1,1182),(1352,'sicortex.com',1,1183),(1353,'sidebranch.com',1,1184),(1354,'siemens.com',1,1185),(1355,'sierrawireless.com',1,1186),(1356,'sigfox.com',1,1187),(1357,'sdesigns.com',1,1188),(1358,'signal11.us',1,1189),(1359,'signatureresearchinc.com',1,1190),(1360,'signips.com',1,1191),(1361,'signove.com',1,1192),(1362,'sigterm.no',1,1193),(1363,'simtec.co.uk',1,1194),(1364,'sina.cn',1,1195),(1365,'sina.com',1,1195),(1366,'sina.com.cn',1,1195),(1367,'siriushk.com',1,1196),(1368,'sirrix.com',1,1197),(1369,'slimlogic.co.uk',1,1198),(1370,'smart-weblications.com',1,1199),(1371,'smartjog.com',1,1200),(1372,'smashingboxes.com',1,1201),(1373,'smile.ci',1,1202),(1374,'smile.fr',1,1202),(1375,'snabb.co',1,1203),(1376,'snap.tv',1,1204),(1377,'snowflake.net',1,1205),(1378,'socrata.com',1,1207),(1379,'sodifrance.fr',1,1208),(1380,'sofaware.com',1,1209),(1381,'softlayer.com',1,1210),(1382,'softplc.com',1,1211),(1383,'softekinc.com',1,1212),(1384,'softwarefreedom.org',1,1213),(1385,'sogyo.nl',1,1214),(1386,'sohonet.com',1,1215),(1387,'solarflare.com',1,1216),(1388,'solidboot.com',1,1217),(1389,'solidfire.com',1,1218),(1390,'solinea.com',1,1219),(1391,'sonatest.com',1,1220),(1392,'sonatype.com',1,1221),(1393,'am.sony.com',0,1222),(1394,'sony.co.jp',1,1222),(1395,'sony.com',1,1222),(1396,'sonycom.com',1,1222),(1397,'sonyericsson.com',1,1223),(1398,'sonymobile.com',1,1223),(1399,'sophos.com',1,1224),(1400,'soundcloud.com',1,1225),(1401,'southpole.se',1,1226),(1402,'swsolartech.com',1,1227),(1403,'soyatec.com',1,1228),(1404,'scs-ptc.com',1,1229),(1405,'spectralogic.com',1,1230),(1406,'sphairon.com',1,1231),(1407,'spidernet.net',1,1232),(1408,'spilgames.com',1,1233),(1409,'spotify.com',1,1234),(1410,'storvisor.com',1,1236),(1411,'squareup.com',1,1237),(1412,'squarespace.com',1,1238),(1413,'stackmasters.eu',1,1239),(1414,'stackops.com',1,1240),(1415,'stackinsider.com',1,1241),(1416,'stackinsider.org',1,1241),(1417,'windawn.com',1,1241),(1418,'cs.stanford.edu',0,1242),(1419,'stanford.edu',1,1242),(1420,'startrac.com',1,1243),(1421,'starentnetworks.com',1,1244),(1422,'steeleye.com',1,1245),(1423,'stepping-stone.ch',1,1246),(1424,'sterryit.com',1,1247),(1425,'chalmersstudentbostader.se',1,1248),(1426,'csbnet.se',1,1248),(1427,'stonesoft.com',1,1249),(1428,'storpool.com',1,1250),(1429,'stormshield.eu',1,1251),(1430,'storwize.com',1,1252),(1431,'strandera.com',1,1253),(1432,'strato.de',1,1254),(1433,'stratoscale.com',1,1255),(1434,'stratosec.co',1,1256),(1435,'streamprocessors.com',1,1257),(1436,'streamunlimited.com',1,1258),(1437,'stripe.com',1,1259),(1438,'strongloop.com',1,1260),(1439,'substantiel.fr',1,1261),(1440,'sumologic.com',1,1262),(1441,'sun.com',1,1264),(1442,'sungard.com',1,1265),(1443,'sunplus.com',1,1267),(1444,'sunplusct.com',1,1267),(1445,'swapp-eng.it',1,1268),(1446,'sics.se',1,1269),(1447,'data.slu.se',0,1270),(1448,'slu.se',1,1270),(1449,'swiftstack.com',1,1271),(1450,'sybase.com',1,1272),(1451,'symantec.com',1,1274),(1452,'veritas.com',1,1274),(1453,'symas.com',1,1275),(1454,'synopsys.com',1,1276),(1455,'systemfabricworks.com',1,1277),(1456,'taosinc.com',1,1278),(1457,'tbwa.com',1,1279),(1458,'tcloudcomputing.com',1,1280),(1459,'tecna.com',1,1281),(1460,'tes.eu',1,1282),(1461,'tesnet.cz',1,1282),(1462,'tibco.com',1,1283),(1463,'tibco.es',1,1283),(1464,'til-technologies.fr',1,1284),(1465,'tis.co.jp',1,1285),(1466,'toptica.com',1,1286),(1467,'tvglobo.com.br',1,1287),(1468,'tvunetworks.com',1,1288),(1469,'taktik.be',1,1289),(1470,'talend.com',1,1290),(1471,'tandberg.com',1,1291),(1472,'taobao.com',1,1292),(1473,'tapsys.com',1,1293),(1474,'tasktop.com',1,1294),(1475,'tcs.com',1,1295),(1476,'tec-venture.de',1,1296),(1477,'tech-angels.com',1,1297),(1478,'technexion.com',1,1298),(1479,'techpatron.co.in',1,1299),(1480,'technisat.com',1,1300),(1481,'techsol.ca',1,1301),(1482,'tu-darmstadt.de',1,1302),(1483,'teevity.com',1,1303),(1484,'telargo.com',1,1304),(1485,'teleca.com',1,1305),(1486,'telecomitalia.com',1,1306),(1487,'tls.msk.ru',1,1307),(1488,'telegent.com',1,1308),(1489,'telemotive.de',1,1309),(1490,'televic.com',1,1310),(1491,'tellabs.com',1,1311),(1492,'telly.com',1,1312),(1493,'teltonika.lt',1,1313),(1494,'qq.com',1,1314),(1495,'vip.qq.com',1,1314),(1496,'tendrilinc.com',1,1315),(1497,'tensilica.com',1,1317),(1498,'terascala.com',1,1318),(1499,'parelastic.com',1,1319),(1500,'tesora.com',1,1319),(1501,'ti.com',1,1320),(1502,'thalesgroup.com',1,1321),(1503,'apache.org',1,1322),(1504,'ldschurch.org',1,1323),(1505,'guardian.co.uk',1,1324),(1506,'linuxbox.com',1,1325),(1507,'productengine.com',1,1326),(1508,'think.web.id',1,1327),(1509,'thinkingphones.com',1,1328),(1510,'thinktube.com',1,1329),(1511,'thomsonreuters.com',1,1330),(1512,'thot-soft.com',1,1331),(1513,'thoughtworks.com',1,1332),(1514,'nrchpc.ac.cn',0,1333),(1515,'tieto.com',1,1334),(1516,'tilera.com',1,1335),(1517,'twcable.com',1,1336),(1518,'timesys.com',1,1337),(1519,'tkos.co.il',1,1338),(1520,'tomtom.com',1,1339),(1521,'tonian.com',1,1340),(1522,'toshiba.co.jp',1,1341),(1523,'toshiba.com',1,1341),(1524,'toshiba.es',1,1341),(1525,'toshiba.eu',1,1341),(1526,'total-knowledge.com',1,1342),(1527,'towertech.it',1,1343),(1528,'tracelytics.com',1,1344),(1529,'tmtservices.co.za',1,1345),(1530,'transitive.com',1,1346),(1531,'transmode.se',1,1347),(1532,'traverse.com.au',1,1348),(1533,'tremolosecurity.com',1,1349),(1534,'trendmicro.com',1,1350),(1535,'trendmicro.com.cn',1,1350),(1536,'tresys.com',1,1351),(1537,'trinnov.com',1,1352),(1538,'tripeaks.co.jp',1,1353),(1539,'tpi.com',1,1354),(1540,'triplemining.com',1,1355),(1541,'keyspan.com',1,1356),(1542,'tripplite.com',1,1356),(1543,'trolltech.com',1,1357),(1544,'trucoin.com',0,1358),(1545,'trustedcs.com',1,1359),(1546,'tundra.com',1,1360),(1547,'tungstengraphics.com',1,1361),(1548,'tuxera.com',1,1362),(1549,'twinsun.com',1,1363),(1550,'twitter.com',1,1364),(1551,'tyro.com',1,1365),(1552,'telecom-bretagne.eu',1,1366),(1553,'nrl.navy.mil',1,1367),(1554,'uhulinux.hu',1,1368),(1555,'uic.edu',1,1369),(1556,'nhs.net',1,1370),(1557,'nhs.uk',1,1370),(1558,'ulyssis.org',1,1371),(1559,'unicus.jp',1,1372),(1560,'ursys.com.au',1,1373),(1561,'nsa.gov',1,1374),(1562,'tycho.nsa.gov',0,1374),(1563,'ubisoft.com',1,1375),(1564,'ubuntukylin.com',1,1376),(1565,'uhurusoftware.com',1,1377),(1566,'unicontrol.de',1,1378),(1567,'unilogicnetworks.net',1,1379),(1568,'ucs.at',1,1380),(1569,'unisys.com',1,1381),(1570,'unitedstack.com',1,1382),(1571,'usish.com',1,1383),(1572,'dacya.ucm.es',1,1384),(1573,'fdi.ucm.es',1,1384),(1574,'gsyc.es',1,1385),(1575,'gsyc.urjc.es',0,1385),(1576,'libresoft.es',1,1385),(1577,'ifca.unican.es',0,1386),(1578,'unican.es',1,1386),(1579,'us.es',1,1387),(1580,'entel.upc.edu',1,1388),(1581,'arizona.edu',1,1390),(1582,'cs.ucsc.edu',0,1391),(1583,'soe.ucsc.edu',0,1391),(1584,'ucsc.edu',1,1391),(1585,'cam.ac.uk',1,1392),(1586,'ul.ie',1,1393),(1587,'manchester.ac.uk',1,1394),(1588,'umd.edu',1,1395),(1589,'unimelb.edu.au',1,1396),(1590,'umich.edu',1,1397),(1591,'citi.umich.edu',1,1398),(1592,'umn.edu',1,1399),(1593,'olemiss.edu',1,1400),(1594,'unomaha.edu',1,1401),(1595,'unc.edu',1,1402),(1596,'uq.edu.au',1,1403),(1597,'utoronto.ca',1,1404),(1598,'cs.utah.edu',0,1405),(1599,'utah.edu',1,1405),(1600,'virginia.edu',1,1406),(1601,'csclub.uwaterloo.ca',1,1407),(1602,'uos.de',1,1408),(1603,'uu.se',1,1409),(1604,'upstream-university.org',1,1410),(1605,'valinux.co.jp',0,1411),(1606,'via.com.tw',1,1412),(1607,'viatech.com',1,1412),(1608,'viatech.com.cn',1,1412),(1609,'vivosys.com',1,1413),(1610,'vmturbo.com',1,1414),(1611,'vmware.com',1,1415),(1612,'vpac.org',1,1416),(1613,'vpop.net',1,1417),(1614,'vrt.com.au',1,1418),(1615,'vu.nl',1,1419),(1616,'valueteam.com',1,1420),(1617,'varnish-software.com',1,1421),(1618,'vayavyalabs.com',1,1422),(1619,'venatech.se',1,1423),(1620,'verismonetworks.com',1,1424),(1621,'verizon.com',1,1425),(1622,'vernier.com',1,1426),(1623,'vertafore.com',1,1427),(1624,'vexxhost.com',1,1428),(1625,'viafoura.com',1,1429),(1626,'vianet.ca',1,1430),(1627,'zing-net.ca',1,1430),(1628,'vidible.tv',1,1431),(1629,'viettel.com.vn',1,1432),(1630,'vimeo.com',1,1433),(1631,'vinakom.com',1,1434),(1632,'vmem.com',1,1435),(1633,'viprinet.com',1,1436),(1634,'vt.edu',1,1437),(1635,'vbridges.com',1,1438),(1636,'virtualcomputer.com',1,1439),(1637,'virtualscale.fr',1,1440),(1638,'vsecurity.com',1,1441),(1639,'virtuallogix.com',1,1442),(1640,'virtualtech.jp',1,1443),(1641,'virtuata.com',1,1444),(1642,'visionengravers.com',1,1445),(1643,'vsp.com',1,1446),(1644,'visionsystems.de',1,1447),(1645,'vista-silicon.com',1,1448),(1646,'vivecode.com',1,1449),(1647,'vizuri.com',1,1450),(1648,'volkswagen.de',1,1451),(1649,'voltaire.com',1,1452),(1650,'voxelbrain.com',1,1453),(1651,'vyatta.com',1,1454),(1652,'wandisco.com',1,1455),(1653,'we7.com',1,1456),(1654,'work-microwave.de',1,1457),(1655,'wprmedical.com',1,1458),(1656,'wso2.com',1,1459),(1657,'wabtec.com',1,1460),(1658,'wacom.com',1,1461),(1659,'walmartlabs.com',1,1462),(1660,'warpnet.nl',1,1463),(1661,'WatchGuardVideo.com',1,1464),(1662,'webdrive.co.nz',1,1465),(1663,'websense.com',1,1466),(1664,'webtrends.com',1,1467),(1665,'w11k.de',1,1468),(1666,'weinmann.de',1,1469),(1667,'westell.com',1,1470),(1668,'westermo.co.uk',1,1471),(1669,'westermo.com',1,1471),(1670,'wdc.com',1,1472),(1671,'whamcloud.com',1,1473),(1672,'knowledgeplaza.net',1,1474),(1673,'whatever-company.com',1,1474),(1674,'wimobilis.com.br',1,1475),(1675,'wikiworks.com',1,1476),(1676,'wikia.com',1,1477),(1677,'wikimedia.de',1,1478),(1678,'wikimedia.org',1,1479),(1679,'willowgarage.com',1,1480),(1680,'winbond.com',1,1481),(1681,'winbond.com.tw',1,1481),(1682,'wincor-nixdorf.com',1,1482),(1683,'windriver.com',1,1483),(1684,'wipro.com',1,1484),(1685,'wizecommerce.com',1,1485),(1686,'wizery.com',1,1486),(1687,'wolfsonmicro.com',1,1487),(1688,'whoi.edu',1,1488),(1689,'workday.com',1,1489),(1690,'worldline.com',1,1490),(1691,'wotifgroup.com',1,1491),(1692,'wytron.com.tw',1,1492),(1693,'x-io.com',1,1493),(1694,'x-ion.de',1,1494),(1695,'xbmc.org',1,1495),(1696,'xiv.co.il',1,1496),(1697,'xivstorage.com',1,1496),(1698,'xlab.si',1,1497),(1699,'xmotra.com',1,1498),(1700,'xtech.com.ar',1,1499),(1701,'xelerated.com',1,1500),(1702,'xemeti.com',1,1501),(1703,'xentech.co.uk',1,1502),(1704,'xerox.com',1,1503),(1705,'xilinx.com',1,1504),(1706,'xiostorage.com',1,1505),(1707,'xiotech.com',1,1505),(1708,'xiph.org',1,1506),(1709,'xorcom.com',1,1507),(1710,'xored.com',1,1508),(1711,'yopeso.com',1,1509),(1712,'yahoo-inc.com',1,1510),(1713,'yatta.de',1,1511),(1714,'yelp.com',1,1512),(1715,'yepa.com',1,1513),(1716,'yext.com',1,1514),(1717,'yokogawa.com',1,1515),(1718,'youcom.nl',1,1516),(1719,'youscribe.com',1,1517),(1720,'youscribe.fr',1,1517),(1721,'ysance.com',1,1518),(1722,'ze.com',1,1519),(1723,'zoho.com',1,1520),(1724,'zte.com.cn',1,1521),(1725,'zadarastorage.com',1,1522),(1726,'zalando.de',1,1523),(1727,'zanebenefits.com',1,1524),(1728,'zend.com',1,1525),(1729,'zentific.com',1,1526),(1730,'zeugmasystems.com',1,1527),(1731,'zilogic.com',1,1528),(1732,'zing.net',1,1529),(1733,'zmanda.com',1,1530),(1734,'zonbu.com',1,1531),(1735,'zyxel.com',1,1532),(1736,'zynga.com',1,1533),(1737,'aizo.com',1,1534),(1738,'ams.com',1,1535),(1739,'caiaq.de',1,1536),(1740,'cloudcontrol.com',1,1537),(1741,'dotcloud.com',1,1537),(1742,'codecentric.de',1,1538),(1743,'compeople.de',1,1539),(1744,'cozybit.com',1,1540),(1745,'ebay.com',1,1541),(1746,'ebaysf.com',1,1541),(1747,'einfochips.com',1,1542),(1748,'einstruction.com',1,1543),(1749,'enovance.com',1,1544),(1750,'eoriginal.com',1,1545),(1751,'esaturnus.com',1,1546),(1752,'esentire.com',1,1547),(1753,'exponent.gr',1,1548),(1754,'ez.no',1,1549),(1755,'edx.org',1,1550),(1756,'emlix.com',1,1551),(1757,'enstratius.com',1,1552),(1758,'eteration.com',1,1553),(1759,'ev-i.at',1,1554),(1760,'exceet-electronics.com',1,1555),(1761,'filoo.de',1,1556),(1762,'fuel7.com',1,1557),(1763,'hansjkoch.de',1,1559),(1764,'idamob.com',1,1560),(1765,'inic.no',1,1561),(1766,'iplantcollaborative.org',1,1562),(1767,'itel.com',1,1563),(1768,'iweb.com',1,1564),(1769,'igel.co.jp',1,1565),(1770,'internet24.de',1,1566),(1771,'iomart.com',1,1567),(1772,'ibp.de',1,1568),(1773,'iptel.org',1,1569),(1774,'isismpp.fr',0,1570),(1775,'itemis.com',1,1571),(1776,'jmicron.com',1,1572),(1777,'jusst.de',1,1573),(1778,'nexr.co.kr',1,1574),(1779,'linutronix.de',1,1575),(1780,'m-privacy.de',1,1576),(1781,'medisite.de',1,1577),(1782,'ne-t.com',1,1578),(1783,'neteffect.com',0,1578),(1784,'nexb.com',1,1579),(1785,'novero.com',1,1580),(1786,'nsfocus.com',1,1581),(1787,'odesk.com',1,1582),(1788,'pair.com',1,1583),(1789,'picochip.com',1,1584),(1790,'productops.com',1,1585),(1791,'rpath.com',1,1586),(1792,'built.io',1,1587),(1793,'contentstack.io',1,1587),(1794,'raweng.com',1,1587),(1795,'reliablesolutions.de',1,1588),(1796,'section5.ch',1,1589),(1797,'secunet.com',1,1590),(1798,'skinnycorp.com',1,1591),(1799,'taskit.de',1,1592),(1800,'teamix.de',1,1593),(1801,'teamf1.com',1,1594),(1802,'txtr.com',1,1596),(1803,'ulb.ac.be',1,1597),(1804,'varmour.com',1,1598),(1805,'verit.de',1,1599),(1806,'welaika.com',1,1600),(1807,'weberpafrica.com',1,1601),(1808,'who-ing.de',0,1602),(1809,'epfl.ch',1,1603);
/*!40000 ALTER TABLE `domains_organizations` ENABLE KEYS */;
UNLOCK TABLES;

--
-- Table structure for table `enrollments`
--

DROP TABLE IF EXISTS `enrollments`;
/*!40101 SET @saved_cs_client     = @@character_set_client */;
/*!40101 SET character_set_client = utf8 */;
CREATE TABLE `enrollments` (
  `id` int(11) NOT NULL AUTO_INCREMENT,
  `start` datetime NOT NULL,
  `end` datetime NOT NULL,
  `uuid` varchar(128) NOT NULL,
  `organization_id` int(11) NOT NULL,
  PRIMARY KEY (`id`),
  UNIQUE KEY `_period_unique` (`uuid`,`organization_id`,`start`,`end`),
  KEY `organization_id` (`organization_id`),
  CONSTRAINT `enrollments_ibfk_1` FOREIGN KEY (`uuid`) REFERENCES `uidentities` (`uuid`) ON DELETE CASCADE,
  CONSTRAINT `enrollments_ibfk_2` FOREIGN KEY (`organization_id`) REFERENCES `organizations` (`id`) ON DELETE CASCADE
) ENGINE=InnoDB AUTO_INCREMENT=11 DEFAULT CHARSET=utf8;
/*!40101 SET character_set_client = @saved_cs_client */;

--
-- Dumping data for table `enrollments`
--

LOCK TABLES `enrollments` WRITE;
/*!40000 ALTER TABLE `enrollments` DISABLE KEYS */;
INSERT INTO `enrollments` VALUES (4,'2015-01-01 00:00:00','2017-12-01 00:00:00','35c0421704928bcbe3a0d9a4de1d79f9590ccaa9',163),(2,'1900-01-01 00:00:00','2100-01-01 00:00:00','3e07ffee1f3dc6eac7be34d46b0423ab81e2eac7',163);
/*!40000 ALTER TABLE `enrollments` ENABLE KEYS */;
UNLOCK TABLES;

--
-- Table structure for table `identities`
--

DROP TABLE IF EXISTS `identities`;
/*!40101 SET @saved_cs_client     = @@character_set_client */;
/*!40101 SET character_set_client = utf8 */;
CREATE TABLE `identities` (
  `id` varchar(128) NOT NULL,
  `name` varchar(128) DEFAULT NULL,
  `email` varchar(128) DEFAULT NULL,
  `username` varchar(128) DEFAULT NULL,
  `source` varchar(32) NOT NULL,
  `uuid` varchar(128) DEFAULT NULL,
  `last_modified` datetime(6) DEFAULT NULL,
  PRIMARY KEY (`id`),
  UNIQUE KEY `_identity_unique` (`name`,`email`,`username`,`source`),
  KEY `uuid` (`uuid`),
  CONSTRAINT `identities_ibfk_1` FOREIGN KEY (`uuid`) REFERENCES `uidentities` (`uuid`) ON DELETE CASCADE
) ENGINE=InnoDB DEFAULT CHARSET=utf8;
/*!40101 SET character_set_client = @saved_cs_client */;

--
-- Dumping data for table `identities`
--

LOCK TABLES `identities` WRITE;
/*!40000 ALTER TABLE `identities` DISABLE KEYS */;
INSERT INTO `identities` VALUES ('11cc0348b60711cdee515286e394c961388230ab','quan','zhquan7@gmail.com',NULL,'git','11cc0348b60711cdee515286e394c961388230ab',NULL),('35c0421704928bcbe3a0d9a4de1d79f9590ccaa9','Alberto Martn','alberto.martin@bitergia.com',NULL,'git','35c0421704928bcbe3a0d9a4de1d79f9590ccaa9',NULL),('3af32d529fce2e7dc632bb26fea5ed4abcb3fcd6','valerio cosentino','valcos@bitergia.com',NULL,'git','3e07ffee1f3dc6eac7be34d46b0423ab81e2eac7',NULL),('3e07ffee1f3dc6eac7be34d46b0423ab81e2eac7','valerio','valerio.cosentino@gmail.com',NULL,'git','3e07ffee1f3dc6eac7be34d46b0423ab81e2eac7',NULL),('75fc28ef4643de5323e89fb26e4e67c97b24f507','Santiago Dueas','sduenas@bitergia.com',NULL,'git','75fc28ef4643de5323e89fb26e4e67c97b24f507',NULL),('9aed245d9df109f8d00ca0e656121c3bdde46a2a','Alvaro del Castillo','acs@bitergia.com',NULL,'git','9aed245d9df109f8d00ca0e656121c3bdde46a2a',NULL),('9b233a0d9bac16fcd3845fbc814ef46678280e18','Stephan Barth','stephan.barth@gmail.com',NULL,'git','9b233a0d9bac16fcd3845fbc814ef46678280e18',NULL),('b6e141bc0879dfe90fa4892aaa8bea54041d6a46','David Pose Fernndez','dpose@bitergia.com',NULL,'git','b6e141bc0879dfe90fa4892aaa8bea54041d6a46',NULL),('b840795e4f57cc12bed1cf923e15de4c23fb7461','Jesus M. Gonzalez-Barahona','jgb@gsyc.es',NULL,'git','b840795e4f57cc12bed1cf923e15de4c23fb7461',NULL),('c780b9e5b86174118a9dbc1b738e9cd0e5fa3566','GitHub','noreply@github.com',NULL,'git','c780b9e5b86174118a9dbc1b738e9cd0e5fa3566',NULL),('cc1000a28d57ed5351bb8a62dfff5e37569b2df8','J. Manrique Lopez de la Fuente','jsmanrique@bitergia.com',NULL,'git','cc1000a28d57ed5351bb8a62dfff5e37569b2df8',NULL),('dae602936b2ccd72b8a62b7a428a2b94e7042d84','Luis Caas Daz','lcanas@bitergia.com',NULL,'git','dae602936b2ccd72b8a62b7a428a2b94e7042d84',NULL),('e0e6032e78e3b81857838f35a5aeefdbcabbb114','camillem','camillem@users.noreply.github.com',NULL,'git','e0e6032e78e3b81857838f35a5aeefdbcabbb114',NULL),('fc6b62a865dd0b6f9ea06913c1e2506b2a2057ee','David Esler','drumandstrum@gmail.com',NULL,'git','fc6b62a865dd0b6f9ea06913c1e2506b2a2057ee',NULL);
/*!40000 ALTER TABLE `identities` ENABLE KEYS */;
UNLOCK TABLES;

--
-- Table structure for table `matching_blacklist`
--

DROP TABLE IF EXISTS `matching_blacklist`;
/*!40101 SET @saved_cs_client     = @@character_set_client */;
/*!40101 SET character_set_client = utf8 */;
CREATE TABLE `matching_blacklist` (
  `excluded` varchar(128) NOT NULL,
  PRIMARY KEY (`excluded`)
) ENGINE=InnoDB DEFAULT CHARSET=utf8;
/*!40101 SET character_set_client = @saved_cs_client */;

--
-- Dumping data for table `matching_blacklist`
--

LOCK TABLES `matching_blacklist` WRITE;
/*!40000 ALTER TABLE `matching_blacklist` DISABLE KEYS */;
/*!40000 ALTER TABLE `matching_blacklist` ENABLE KEYS */;
UNLOCK TABLES;

--
-- Table structure for table `organizations`
--

DROP TABLE IF EXISTS `organizations`;
/*!40101 SET @saved_cs_client     = @@character_set_client */;
/*!40101 SET character_set_client = utf8 */;
CREATE TABLE `organizations` (
  `id` int(11) NOT NULL AUTO_INCREMENT,
  `name` varchar(255) NOT NULL,
  PRIMARY KEY (`id`),
  UNIQUE KEY `_name_unique` (`name`)
) ENGINE=InnoDB AUTO_INCREMENT=1605 DEFAULT CHARSET=utf8;
/*!40101 SET character_set_client = @saved_cs_client */;

--
-- Dumping data for table `organizations`
--

LOCK TABLES `organizations` WRITE;
/*!40000 ALTER TABLE `organizations` DISABLE KEYS */;
INSERT INTO `organizations` VALUES (1,'2N Telekomunikace'),(2,'2Scale'),(3,'3ality Technica'),(4,'42on'),(5,'4pi'),(6,'5e Technologies'),(7,'6WIND'),(8,'8D Technologies'),(9,'99cloud'),(10,'A10'),(27,'Abilis Systems'),(28,'Absolut Bank'),(29,'AbsoluteValue Systems, Inc.'),(30,'Acaleph'),(31,'Accenture'),(32,'Acelio'),(33,'Acision'),(34,'Acme Systems srl'),(35,'Aconex'),(36,'Acronis'),(37,'Actuate Corporation'),(38,'Aculab'),(40,'Adaptec'),(41,'Adaptive Computing'),(11,'ADDI-DATA GmbH'),(42,'Adeneo Embedded'),(43,'Adetel Group'),(12,'ADLINK'),(44,'Adobe Systems, Inc.'),(39,'AdRem Technologies'),(13,'AG Interactive'),(14,'AGETO Service GmbH'),(45,'AgileMesh'),(46,'Agilent Technologies'),(15,'AGIX Linux'),(47,'AimValley'),(49,'Airbus Group'),(48,'AirGap IT'),(50,'Airvana'),(1534,'aizo ag'),(51,'Akamai Technologies'),(52,'Akanda, Inc.'),(53,'Alacritech'),(54,'Alcatel-Lucent'),(18,'ALi'),(55,'Alibaba'),(56,'Allegro'),(57,'Allen Organ Company'),(58,'Allied Telesis'),(16,'ALPHA-BIT'),(59,'Alsatis'),(17,'ALT Linux, Ltd.'),(60,'Alter Way'),(61,'Altiscale'),(62,'Altran'),(63,'Alyseo'),(64,'Amadeus'),(65,'Amarula Solutions'),(66,'Amazon.com'),(67,'Ambarella'),(19,'AMD'),(68,'American Microsystems, Ltd.'),(69,'American University'),(70,'Ammeon'),(1535,'ams'),(71,'Anachron BV'),(72,'Anagramm GmbH'),(73,'Analog Devices'),(74,'Anchor Hosting'),(20,'ANDURAS AG'),(75,'Anevia'),(76,'Ansible'),(77,'Anso Labs'),(78,'AnswerNet.Com'),(79,'Antagonist B.V.'),(80,'Apigee Corp'),(21,'APM'),(81,'AppDynamics'),(82,'Appear TV AS'),(83,'Apple'),(84,'Applied Micro Circuit Corporation'),(85,'Aptana, Inc.'),(86,'Aptira'),(87,'Arastra, Inc.'),(88,'Arcor lhr'),(89,'Areca'),(90,'Argonne National Laboratory'),(91,'Arista Networks'),(92,'Arkena'),(93,'Arkoon'),(22,'ARM'),(94,'Armadeus Systems'),(95,'Armory Technologies, Inc.'),(96,'Artec Design'),(97,'ArtiBit'),(23,'ARVOO Engineering'),(98,'Ascom'),(24,'ASIX Electronics Corporation'),(99,'Askbot'),(100,'Astaro'),(101,'Astek Corporation'),(25,'AT&T'),(102,'Athabasca University'),(103,'Atheros Communications'),(104,'Athlone Institute of Technology'),(105,'Atlassian'),(106,'Atmel'),(107,'Atomia'),(108,'Atomide'),(109,'Atos Integration'),(26,'ATRON electronic'),(110,'AudioScience, Inc.'),(111,'Auerswald'),(112,'AutoScout24 GmbH'),(113,'Avago Technologies'),(114,'AvantSoft, Inc'),(115,'Avi Networks'),(116,'Avionic Design Development GmbH'),(117,'Avocent'),(118,'Avtrex'),(119,'Awcloud'),(120,'Axis Communications AB'),(121,'Axway'),(122,'Azingo, Inc.'),(123,'B Labs'),(124,'B1 Systems'),(135,'Bacoosta IT Services'),(136,'Baidu'),(137,'BalaBit'),(138,'Banno, LLC'),(139,'Barbon Insurance Group'),(140,'Barco'),(141,'Basler AG'),(142,'Bay'),(143,'Bayan'),(144,'Bazaarvoice'),(125,'BCI'),(126,'BEA'),(145,'Beamly'),(146,'Beijing Rising Technology Co.'),(147,'Belden'),(148,'BestSolution'),(149,'BetterLinux'),(150,'Big Switch Networks'),(127,'BIGBANK'),(151,'Bigfoot Networks'),(152,'Bigpoint'),(153,'Bingham University'),(154,'Birst'),(155,'Bit-isle, Inc.'),(156,'BitBox, Ltd.'),(162,'Bitcoin Foundation'),(163,'Bitergia'),(164,'Bitfrost'),(157,'BitGo'),(165,'Bitmer, Ltd.'),(158,'BitPay'),(166,'Bits Of Proof'),(159,'BitSim'),(160,'BitSource.org'),(161,'BitWagon Software'),(167,'Bivio Networks, Inc.'),(168,'Black Pearl Systems'),(169,'BlackBerry'),(171,'Blackberry Limited'),(172,'Blackboard'),(170,'BlackMesh'),(173,'BlankPage'),(174,'Blue Box Group'),(175,'Blue Technix'),(176,'Bluecherry, LLC'),(177,'Bluegiga'),(178,'Bluehost'),(179,'Bluewater Systems'),(128,'BMC Software'),(129,'BMW Group'),(180,'Bodeco, Inc.'),(181,'Boeing'),(182,'Bollor Telecom'),(183,'Borland Software Corp.'),(184,'Bosch'),(185,'Bose Corporation'),(186,'Boston Technologies, Inc.'),(187,'Boundary Devices'),(188,'Brastel Telecom'),(130,'BREDEX GmbH'),(189,'Bright Tag'),(190,'Brightcove Inc'),(191,'Brinkster'),(192,'Broadcom'),(193,'Brocade'),(194,'Brontes Technologies'),(195,'Bronto Software, Inc.'),(196,'BrowserStack'),(131,'BSQUARE'),(132,'BTChip'),(133,'BTicino'),(197,'Budker Institute of Nuclear Physics'),(198,'Bull'),(199,'Buscap Company'),(200,'Business Systems Integration AG'),(134,'BVOX'),(201,'C&C Technologies'),(224,'Cadence Design Systems'),(223,'CadSoft Computer GmbH'),(1536,'caiaq'),(202,'CALAO Systems SAS'),(225,'Calit2'),(226,'Call Direct'),(227,'Calsoft, Inc.'),(228,'CalvaEDI'),(229,'Calxeda'),(230,'Calyptech Pty, Ltd.'),(231,'Canadian Bank Note Company'),(232,'Candela Technologies'),(233,'Canonical, Ltd.'),(234,'Capgemini Consulting'),(235,'Capital One'),(236,'Capital Sales Group'),(237,'Card Access'),(238,'CardSpring, Inc.'),(239,'CareerBuilder, LLC.'),(240,'Carnegie Mellon University'),(241,'CartoDB'),(242,'CastLabs'),(243,'Catalyst'),(244,'Cavium'),(203,'CBS Interactive, Inc.'),(204,'CC Computer Consultants'),(205,'CCM Benchmark'),(206,'CDI.CZ'),(207,'CE Linux Forum'),(208,'CEA'),(245,'Celestrius'),(246,'Celunite, Inc.'),(247,'Centaur Technology'),(248,'Centrin'),(209,'CERN'),(249,'Cerner Corporation'),(210,'CGI Group'),(250,'Chaincode Labs'),(251,'Chair for Applied Software Engineering, TUM'),(252,'ChargeStorm AB'),(253,'Check Point'),(254,'Chef'),(255,'Chelsio Communications'),(256,'China Electronics Technology Group Corporation'),(257,'Choopa, LLC'),(258,'Chumby Industries'),(211,'CIeNET Technologies'),(259,'Ciklum'),(260,'Cinterion Wireless Modules'),(261,'Circle Internet Financial'),(262,'Cirrax'),(263,'Cirrus Logic'),(264,'CirrusMio, Inc.'),(265,'Cisco'),(266,'Citrix'),(267,'City University London'),(212,'CJSC NII STT'),(268,'Clemson University'),(273,'Cloudbase Solutions'),(274,'Cloudbau'),(269,'CloudBees, Inc.'),(1537,'cloudControl, Inc.'),(275,'Cloudera, Inc.'),(276,'Cloudian, Inc.'),(270,'CloudPassage, Inc.'),(271,'CloudRunner.io, Inc.'),(277,'Cloudscaling'),(278,'Cloudsmith Inc.'),(272,'CloudVPS'),(279,'Cloudwatt'),(280,'Cloudzilla'),(281,'Cluster Computing'),(282,'Cluster File Systems, Inc.'),(283,'ClusterHQ'),(213,'CNR'),(214,'CNRS'),(284,'Code Aurora Forum'),(285,'Code Lemon'),(1538,'codecentric AG'),(287,'Codefidence'),(286,'CodeSourcery'),(288,'Codethink'),(289,'Codetrails'),(290,'Codewise'),(291,'Cogent.co Pty Ltd'),(292,'Cognitree Technologies'),(293,'CohortFS, LLC'),(294,'Coinapult'),(295,'Coinbase'),(296,'Coinfy ApS.'),(215,'COIT'),(297,'Collabora'),(298,'Collax'),(299,'Collective Idea'),(300,'Columbia University'),(303,'Comcast'),(304,'Commerce Guys'),(305,'Commerce Technologies, Inc.'),(306,'Commonwealth Bank of Australia'),(1539,'compeople AG'),(307,'CompuLab'),(308,'Comrex Corporation'),(301,'ComSleep'),(309,'Comtrade'),(302,'ComX Networks'),(311,'Concentris Systems'),(312,'Concurrent Computer Corporation'),(313,'Conductor'),(314,'Conectiva, Inc.'),(315,'Conexant Systems, Inc.'),(316,'Confluent'),(317,'Connectifier'),(318,'Connectify'),(310,'ConSentry Networks'),(319,'Contec Steuerungstechnik & Automation'),(320,'Coraid'),(322,'Corelatus AB'),(321,'CoreOS, Inc.'),(323,'Corgan Labs'),(324,'Cornelius Consult'),(325,'Corscience GmbH'),(326,'Corvisa, LLC'),(327,'Cosmosbay~Vectis'),(328,'Coursera Inc.'),(1540,'cozybit'),(216,'CPTI'),(329,'Cray'),(330,'Creative Product Design'),(331,'Creative Technology'),(332,'Credit Mutuel Arkea'),(333,'Creytiv.com'),(334,'Critical Link'),(335,'Critical Links'),(336,'Crossing-Tech SA'),(337,'Crunchy Data Solutions'),(338,'Crystalfontz'),(217,'CSAIL'),(218,'CSC'),(219,'CSR'),(220,'CSR4'),(221,'CSS Corporation'),(222,'CTERA Networks'),(339,'Ctrip'),(340,'Cumulus Networks'),(341,'Curve Dental'),(344,'Cybera, Inc.'),(342,'CyberGuard'),(345,'Cybernetics'),(343,'CyberSwitching'),(346,'Cypress Semiconductor'),(347,'Cytronics & Melware'),(360,'Dassault Systmes'),(362,'Databricks'),(361,'DataLab'),(348,'DAVE Embedded Systems'),(363,'Dawning'),(364,'Day By Day'),(365,'Debian GNU/Linux'),(366,'Defora OS'),(349,'DEK Tech.'),(350,'DEKA Research and Development Corporation'),(367,'Dell'),(368,'Delta Electronics, Inc.'),(369,'Denali Systems'),(370,'Densan'),(351,'DENX Computer Systems'),(352,'DENX Software Engineering'),(371,'Depository Trust & Clearing Corporation'),(372,'Despegar.com, Inc.'),(373,'Deutsche Telekom'),(374,'Develtech'),(375,'Devicescape'),(376,'Devoteam Group'),(377,'Dexels'),(379,'Dialog Semiconductor'),(380,'Diamond Light Source'),(378,'DiBcom'),(381,'Digi International'),(382,'Digia Plc'),(383,'Digigram'),(384,'Digital Design Corporation'),(385,'Digital Devices GmbH'),(386,'Digital River, Inc.'),(387,'Digium, Inc.'),(353,'DKRZ'),(354,'DMP Electronics, Inc.'),(355,'DMX'),(388,'Docker, Inc.'),(389,'Domicilium'),(391,'DorDevelopment'),(390,'DornerWorks'),(392,'Douban'),(393,'DreamHost'),(394,'Dreamwidth Studios'),(356,'DResearch'),(395,'Drillinginfo'),(357,'DSO National Laboratories'),(358,'DSPECIALISTS'),(359,'DTI2'),(396,'E.G.O.'),(417,'EasyESI'),(418,'EasyStack'),(419,'Eaternity'),(1541,'eBay'),(397,'ECI Telecom'),(420,'Eclipse Foundation'),(421,'EclipseSource (See Innoopract)'),(422,'Ecole Polytechnique de Montreal'),(1603,'cole polytechnique fdrale de Lausanne'),(423,'Edesix, Ltd.'),(424,'Edinburgh Centre for Robotics'),(1550,'edX, Inc.'),(398,'EF Education'),(425,'EfficiOS'),(399,'EFJohnson Technologies'),(400,'EIA Electronics NV'),(1542,'eInfochips'),(1543,'eInstruction'),(401,'EKE Group'),(426,'Elan Digital Systems'),(402,'ELAN Microelectronics Corporation'),(427,'Elance, Inc.'),(428,'Elastic Path Software, Inc.'),(429,'ElasticHosts, Ltd.'),(430,'Elbrys Networks'),(431,'Electronic Arts, Inc.'),(432,'Elemedia S.p.A.'),(433,'Eleven Musicproduction GbR'),(434,'Elitecore Technologies'),(435,'Elliptic Technologies'),(403,'ELPA'),(404,'EMA Tech'),(437,'Embarcadero Technologies Inc.'),(438,'Embedded Alley Solutions, Inc.'),(439,'Embedded Machine Technology Co.'),(440,'Embedded Solutions, Ltd.'),(441,'Ember JS'),(442,'Embrane'),(405,'EMC'),(436,'EmCraft Systems'),(443,'Emerson'),(1551,'emlix GmbH'),(444,'Empirix'),(445,'Empolis Information Management GmbH'),(406,'EMS Thomas Wuensche'),(446,'Emulex'),(407,'ENAC'),(447,'Endian'),(448,'Endian Technologies'),(449,'Endrelia'),(450,'Endurance Wind Power'),(408,'ENEA AB'),(1544,'eNovance'),(409,'ENS de Lyon'),(410,'ENSI de Bourges'),(1552,'enStratus'),(451,'Enter'),(452,'Entropy Wave'),(1545,'eOriginal'),(411,'EPAM Systems'),(453,'Epsilou Corporation'),(412,'EQWARE Engineering'),(454,'Ericsson'),(1546,'eSATURNUS'),(455,'Escient'),(413,'ESCRYPT GmbH'),(414,'ESD Electronics'),(1547,'eSentire'),(456,'Essensium'),(457,'Essensium - Mind'),(458,'Etched Pixels Digital Design'),(1553,'eteration A.S.'),(459,'Etersoft'),(415,'ETH Zurich'),(460,'Etish Limited'),(461,'Etna'),(462,'Eucalyptus Systems, Inc.'),(463,'Eukrea Electromatique'),(464,'Eurek Elettronica'),(465,'Eurogiciel'),(466,'Eurotech, Ltd.'),(1554,'ev-i Informationstechnologie'),(467,'Even Technologies, Inc.'),(468,'Everbread Limited'),(469,'Everlaw'),(470,'EverteQ'),(471,'Evidence Srl'),(472,'Exar Corporation'),(1555,'exceet electronics'),(473,'Exist Global'),(474,'Exosec'),(1548,'eXponent Technologies'),(475,'Extreme Engineering Solutions'),(476,'Eyeview, Inc.'),(1549,'eZ Systems AS'),(416,'EZchip Semiconductor, Ltd.'),(481,'Facebook'),(482,'Factor-SPE'),(483,'Fairfax Media'),(484,'Faraday Technology Corporation'),(485,'FastMail.FM'),(486,'Fastpath Research'),(487,'FathomDB'),(488,'Federal University of Campina Grande'),(489,'Fermilab'),(477,'FGAN'),(1556,'filoo'),(478,'FINN.no AS'),(479,'FIT'),(490,'Fixstars Technologies'),(491,'Flickerbox, Inc.'),(492,'Flipboard'),(493,'Flipkart'),(494,'Fon'),(495,'Fox-IT'),(496,'FractureCode Corporation'),(497,'Fragnetics'),(498,'Fraunhofer'),(499,'Fraunhofer FHR'),(500,'Fraunhofer FKIE'),(501,'Fraunhofer FOKUS'),(502,'Free Electrons'),(503,'Free Software Foundation'),(504,'Freebox'),(505,'Freescale'),(506,'Freescale Semiconductor'),(507,'Freicoin'),(508,'Frequentis AG'),(1557,'fuel7'),(509,'Fujitsu'),(510,'Fujitsu Siemens'),(511,'FullContact'),(512,'Fullsix Group'),(513,'Fusion-io'),(514,'Future Technology Devices International'),(480,'FZI Forschungszentrum Informatik'),(515,'G.T.S. Srl'),(521,'Gaisler Research'),(522,'Galvanix'),(523,'GameServers.com'),(516,'GAMIC mbH'),(517,'GE Intelligent Platforms'),(525,'Geeknet, Inc.'),(526,'Genband'),(527,'General Aviation Safety Network'),(528,'General Electric'),(529,'Gentoo Linux'),(524,'GeNUA'),(530,'Genuitec, LLC'),(531,'Geomatys'),(532,'Geometrics'),(533,'Georgia Tech Research Institute'),(534,'Geotechnologies, Inc.'),(535,'Getup Cloud'),(536,'GigaSpaces'),(537,'Gik'),(538,'Gini'),(539,'Github'),(540,'Gitter'),(541,'Glass Expansion'),(542,'Glencoe Software, Inc.'),(543,'GlobalLogic'),(544,'Gluster, Inc.'),(518,'GNU'),(545,'Go Daddy'),(547,'Gocept GmbH & Co. KG'),(548,'Gold Circle'),(549,'GoodData'),(550,'Google, Inc.'),(546,'GoPivotal, Inc.'),(551,'Gorilla Logic'),(519,'GPLHost'),(552,'Grammer'),(553,'Grass Valley'),(554,'Green Energy Corp.'),(555,'Green Turtles Technologies'),(556,'GreenAddress greenaddress.'),(557,'Grid Dynamics'),(558,'Grid Net'),(559,'GridApp Systems'),(560,'GridCentric'),(561,'Griffin INet'),(562,'Grml'),(563,'Grupa WP'),(564,'Guntermann & Drunck GmbH'),(520,'GVS'),(565,'H&D Wireless AB'),(566,'HALE electronic GmbH'),(577,'Halon Security'),(578,'Happiest Minds Technologies'),(567,'HAProxy Technologies'),(579,'Harman/Becker Automotive Systems'),(580,'Harris Corporation'),(581,'Hastexo'),(582,'Hatsize Learning Corporation'),(583,'Hauppauge'),(1558,'hbz'),(568,'HCL'),(569,'HCL Technologies'),(584,'Heinrich-Heine-Universitat Dusseldorf'),(570,'HERMES SoftLab'),(585,'Heroku'),(571,'HES-SO Valais Wallis'),(572,'HGST'),(573,'HHTech Co.'),(586,'Hibernate'),(587,'HighPoint Technologies'),(588,'Hitachi'),(589,'Hitachi Data Systems'),(1559,'hjk engineering'),(590,'Holoscpio Tecnologia Ltda.'),(591,'Hortonworks'),(592,'Hostplex'),(593,'Hostway'),(574,'HP'),(575,'HPE'),(594,'Huawei'),(595,'HubSpot'),(596,'Huron Technologies'),(576,'HV Sistemas'),(597,'IAN Investments'),(598,'IAV'),(599,'IBH SYSTEMS GmbH'),(600,'IBM'),(622,'Ibrix'),(601,'IC Plus'),(1560,'iDa Mobile'),(602,'IFM Electronic'),(603,'IFS Institut fur Software'),(623,'Igalia S.L.'),(1565,'igel'),(624,'Imagination Technologies'),(604,'IMC'),(625,'Immobilien Scout GmbH'),(605,'IMS Nanofabrication AG'),(606,'IMS Networks'),(626,'In-Store Broadcasting Network'),(628,'Include7'),(629,'Indesign, LLC'),(630,'Individual'),(609,'INdT'),(631,'Industrial TSI'),(632,'Inepro BV'),(633,'Infinity Tracking Ltd'),(635,'Infochimps'),(634,'InfoObjects'),(636,'Infor'),(637,'Ingate Systems'),(627,'InHand Electronics'),(1561,'iNic'),(638,'Inktank'),(639,'Innominate Security Technologies'),(640,'Innoopract GmbH'),(641,'Innovative Systems'),(607,'INOV'),(642,'Inpun, LLC'),(608,'INRIA'),(643,'Insignal Co.'),(644,'Institut des Nanotechnologies de Lyon'),(645,'Institute for System Programming Russian Academy of Sciences'),(646,'Instituto de Pesquisas Eldorado'),(647,'Instrumentation Technologies'),(648,'Intalio Inc.'),(649,'Integrated Device Technology'),(650,'Intel'),(651,'IntelliTree Solutions'),(652,'Interactive Intelligence, Inc.'),(653,'Internap'),(654,'International Telematics, Ltd.'),(655,'Internet Brands, Inc.'),(1566,'internet24 GmbH'),(656,'Intra2net AG'),(657,'Inuits'),(658,'Invisible Things Lab'),(1567,'iomart Group'),(659,'Ion Beam Applications'),(610,'IPAX'),(1568,'ipb (uk), Ltd.'),(611,'IPINYOU'),(1562,'iPlant Collaborative'),(1569,'iptelorg GmbH'),(612,'IRAM'),(660,'Iron Systems, Inc.'),(661,'Iroquio Systems'),(613,'ISEE'),(614,'ISI'),(1570,'isis-mpp'),(615,'ISTI-CNR'),(616,'IT Offshore'),(617,'IT Refined'),(662,'It Technology'),(1563,'iTel Networks, Inc.'),(1571,'itemis AG'),(618,'ITHAKA'),(620,'ITpearls AG'),(619,'ITT Corporation'),(621,'IVITERA a.s.'),(1564,'iWeb'),(663,'Ixia'),(664,'Ixonos'),(665,'IzelTech'),(671,'Jazkarta'),(666,'JCZ-Automatisering'),(667,'JDA Software Group, Inc.'),(668,'JFrog Ltd'),(669,'JHU APL'),(672,'JiangSu Lemote Corporation'),(673,'Jive Software'),(1572,'jmicron.com'),(674,'Johns Hopkins University'),(675,'Jotron Phontech'),(670,'JPBerlin'),(676,'Jumpnow'),(677,'Jungo Connectivity, Ltd.'),(678,'Juniper'),(1573,'jusst technologies GmbH'),(679,'K Computing'),(686,'Ka-Ro electronics GmbH'),(687,'Karlsruhe Institute of Technology'),(688,'Katalix Systems'),(680,'KDE e.V.'),(689,'Kedacom'),(690,'Keeper Technology'),(691,'Kentrox'),(692,'Kerlabs'),(693,'Kernel Concepts'),(694,'Kernel Labs, Inc.'),(695,'Keymile AG'),(681,'KFKI'),(696,'Kionix, Inc.'),(697,'Klocwork'),(698,'Kloud'),(699,'Knewton'),(700,'KnowledgeTree'),(701,'Kolab Systems AG'),(702,'Kontron'),(682,'KPIT Technologies, Ltd.'),(703,'Ksplice, Inc.'),(683,'KT Corporation'),(1574,'kt NexR'),(684,'KTH Royal Institute of Technology'),(685,'KVH'),(704,'KylinCloud'),(705,'L&T Infotech'),(713,'La Honda Research'),(714,'LaCie'),(715,'Lafayette College'),(1604,'LambdaUX'),(716,'Lantiq'),(717,'Laurel Networks'),(718,'Lavabit'),(719,'Lawrence Livermore National Laboratory'),(706,'LD DIDACTIC GmbH'),(720,'Le laboratoire dinformatique interactive'),(721,'Lebanon Evangelical School'),(722,'Letv'),(707,'LG'),(724,'Liaison Technologies'),(725,'Liewenthal Electronics'),(727,'Linagora'),(728,'Linaro'),(708,'LINBIT'),(729,'LinkedIn'),(726,'LinSysSoft Technologies'),(1575,'linutronix'),(730,'Linux Foundation'),(731,'Linux Networx, Inc.'),(733,'Linuxant'),(732,'LinuxBox.cz'),(723,'LiPPERT Embedded Computers GmbH'),(735,'Litecoin'),(734,'LiteStack, Inc.'),(736,'LiveRamp'),(737,'LizardQ'),(738,'Loadbalancer.org'),(739,'Locaweb'),(740,'Lodgens'),(741,'Logic Supply'),(742,'Logitech'),(743,'London Internet Exchange'),(744,'Lookout, Inc.'),(745,'Los Alamos National Lab'),(709,'LSD'),(710,'LSE Leading Security Experts GmbH'),(711,'LSI Logic'),(746,'LucidWorks'),(747,'Lunds Universitet'),(712,'LWN.net'),(748,'Lyrtech'),(749,'Lyve Minds, Inc.'),(750,'M&N Solutions'),(1576,'m-privacy GmbH'),(751,'M2R'),(752,'MACOM'),(766,'Macq Electronique'),(767,'Magento Development'),(768,'Maginatics'),(769,'Mainpine'),(770,'Majitek'),(771,'Managed IT'),(772,'Managed Security Services GmbH'),(773,'Mandriva'),(774,'MapR Technologies'),(775,'Marine Bridge & Navigation Systems'),(776,'Martinsson Elektronik AB'),(777,'Marvell'),(778,'Matriks'),(779,'Matrix Orbital'),(780,'Matrix Vision'),(781,'Matrox Graphics'),(782,'Max-Planck-Institut for Astrophysics'),(784,'Maxim Integrated Products'),(783,'MaxLinear'),(785,'Maxtrack Industrial'),(786,'McAfee'),(787,'Medhost Inc.'),(788,'Media Lab, Inc.'),(790,'Mediabistro Inc.'),(791,'Mediana Technologies'),(789,'MediaTek, Inc.'),(792,'Medidata Solutions, Inc.'),(1577,'medisite Systemhaus GmbH'),(793,'Melexis NV'),(794,'Mellanox Technologies'),(795,'Memset'),(796,'Mentor Graphics'),(797,'Mercury Development'),(798,'Mercury HMI, Ltd.'),(799,'Meruvian'),(800,'MessageNet Systems'),(753,'MESUTRONIC Gertebau GmbH'),(801,'Metacloud'),(802,'Metamarkets Group'),(803,'Meteor'),(804,'Meteor Development Group'),(805,'Metzler Brothers Systementwicklung GbR'),(754,'MEV Limited'),(807,'Micrel, Inc.'),(808,'Micro-Star International'),(810,'Microbit'),(811,'Microchip Technology, Inc.'),(809,'MicroGate Systems'),(812,'Micromodicom'),(813,'Micron'),(814,'Microsoft'),(815,'Midokura'),(816,'MikroTik'),(817,'Millicom'),(818,'Mindbit'),(819,'Mindspeed Technologies'),(755,'MIPS Technologies, Inc.'),(820,'Miracle Linux'),(821,'Mirantis'),(822,'Miromico'),(823,'Missing Link Electronics'),(824,'Mistral Solutions'),(756,'MIT'),(757,'MIT Lincoln Laboratory'),(806,'MiTAC'),(825,'Mitel'),(758,'MJS Gadgets'),(759,'MM Solutions AD'),(826,'Mobile Devices Ingenierie'),(827,'Mocean Labs'),(760,'MOD Systems'),(828,'Modern Technologies Inc.'),(829,'ModpoW'),(830,'Mojain'),(831,'Molecular Discovery, Ltd.'),(832,'MomentumSI'),(834,'Montages AG'),(833,'MontaVista'),(835,'Morphlabs'),(836,'Mortar'),(837,'Motorola'),(838,'Movial'),(839,'Mozilla Corporation'),(761,'MPC Data, Ltd.'),(762,'MRV Communications'),(763,'MSC Open Source AB'),(764,'MSC Technologies'),(765,'MSys Technologies'),(840,'MtekVision Corporation'),(841,'MuleSoft, Inc.'),(842,'MyNET'),(843,'Myricom'),(857,'Nagravision'),(858,'NameSys'),(859,'Nanometrics'),(844,'NASA'),(860,'National Center for Biotechnology Information'),(861,'National Electronics and Computer Technology Center'),(862,'National ICT Australia'),(863,'National Institute of Advanced Industrial Science and Technology'),(864,'National Instruments'),(865,'National University of Defense Technology'),(866,'Navman Wireless'),(868,'Nebula, Inc.'),(845,'NEC'),(867,'NeCTAR'),(869,'Neotion'),(870,'Neratec Solutions'),(871,'NerdKits'),(872,'Net Insight'),(873,'NetApp'),(846,'NETASQ'),(874,'NetBSD Foundation, Inc.'),(875,'NetEase'),(1578,'neteffect technologies'),(876,'NetEffects, Inc.'),(882,'Neterion'),(883,'Neterra'),(884,'Netflix'),(877,'NetLogic Microsystems'),(878,'NetOne'),(885,'Netronome Systems'),(886,'Netservers, Ltd.'),(879,'NetSpectrum'),(887,'Netstal-Maschinen AG'),(880,'NetUP'),(881,'NetXen'),(1579,'nexB Inc.'),(888,'Nexenta'),(889,'Nexeya'),(890,'Nexor Limited'),(891,'NextIO'),(892,'Nexus'),(893,'Nias Digital'),(894,'Nicira'),(847,'NIIF Institute'),(848,'NIISI RAS'),(895,'Nike, Inc.'),(896,'Nimag Networks'),(897,'Nimbis Services'),(898,'NimbleStorage'),(899,'Ninki'),(849,'NIST'),(900,'Nokia'),(901,'Nokia Networks'),(902,'Nomad Global Communication Solutions'),(903,'Nomadio'),(904,'Nomovok, Ltd.'),(905,'Norbit'),(906,'Nortel'),(907,'North University of China'),(908,'Northern Digital, Inc.'),(909,'Norwegian Air Shuttle ASA'),(910,'Notal Vision, Inc.'),(911,'Nouva Systems'),(912,'Novatel Wireless'),(913,'Novell'),(1580,'novero GmbH'),(850,'NPR'),(851,'NREL'),(1581,'nsfocus'),(852,'NTT'),(853,'NTT Data'),(914,'Nuage Networks'),(915,'Numascale'),(916,'Numergy'),(917,'Numlog'),(918,'Nuovations'),(919,'Nutaq'),(920,'Nuvoton Technology'),(854,'NUXEO'),(855,'NVidia'),(856,'NXP'),(921,'O.S. Systems'),(935,'Oak Ridge National Laboratory'),(922,'OBEO'),(936,'Oberthur Technologies'),(937,'Objectif-libre'),(938,'Observision'),(939,'Obsidian Research'),(940,'Ocado'),(943,'Oc Technologies'),(941,'Octant Informatique'),(942,'Octasic Semiconductor'),(923,'OCTO Technology'),(1582,'oDesk Corporation'),(944,'Oki Semiconductor'),(945,'Oklahoma State University'),(924,'OKTET Labs'),(925,'OLPC'),(926,'OMICRON Electronics'),(948,'One Technologies, L.P.'),(949,'One.com'),(927,'ONELAN'),(928,'ONERA'),(950,'OneScreen Inc'),(946,'OnLive'),(929,'ONstor'),(947,'OnTheNet Pty, Ltd.'),(951,'Onyx Neon'),(952,'Onyx Point, Inc.'),(930,'OODrive'),(953,'Ooyala, Inc.'),(954,'OpCoach'),(955,'Open Grid Computing'),(956,'Open Nandra'),(957,'OpenBOSSA'),(958,'OpenBSD'),(961,'OpenedHand'),(959,'OpenNebula Systems S.L.'),(960,'OpenStack Foundation'),(962,'Openwall'),(963,'Opower'),(964,'Optiflows'),(965,'Option Wireless Technology'),(966,'Optiver'),(967,'Oracle'),(968,'Orange'),(969,'Orbitz, LLC'),(931,'ORSoC'),(932,'OSADL'),(933,'OSDN'),(970,'Osones'),(971,'Outpost Embedded'),(972,'Overstock'),(934,'OVH'),(973,'Oxilion'),(974,'PA Semi Corporation'),(988,'Pacific Northwest National Laboratory'),(989,'Pagero AB'),(1583,'pair Networks'),(990,'Palantir Technologies'),(991,'Panasas'),(992,'Panasonic'),(993,'PaperCut Software'),(994,'Parallels'),(995,'Pardus'),(996,'Parkeon'),(997,'Parrot SA'),(998,'Pavlinux, Inc.'),(999,'PayPal'),(975,'PCS Systemtechnik'),(976,'PCSol'),(1000,'Pearson Education, Inc.'),(1001,'Peking University Microprocessor R&D Center'),(1002,'Pelagicore AB'),(1003,'Pengutronix'),(1004,'Percona'),(1005,'Persistent'),(1006,'PetaLogix'),(1007,'Phase2'),(1008,'Philipps-Universitt Marburg'),(1009,'Philosys Software'),(1010,'Phoenix Technologies'),(1011,'Photobucket, Inc.'),(977,'PHYTEC Messtechnik GmbH'),(978,'PIAP'),(1584,'picoChip Designs'),(979,'PIKA Technologies'),(1012,'PiKRON s.r.o'),(1013,'Piston Cloud Computing'),(1014,'Pitney Bowes'),(1015,'Pivotal'),(1016,'Pixart SRL'),(1017,'Plan Group'),(1018,'Planet Labs'),(1019,'Planon'),(1020,'Plugable Technologies'),(980,'PLUMgrid'),(981,'PLX Technology, Inc.'),(982,'PMC-Sierra'),(1021,'Pogoapp'),(1022,'PolyBeacon, Inc.'),(1023,'Polycom'),(983,'PRESENSE Technologies'),(1024,'Prevas'),(1025,'Prezi, Inc.'),(1026,'Primary Data, Inc.'),(1585,'productOps'),(1028,'Profihost AG'),(1029,'Proformatique'),(1030,'Profusion'),(1027,'ProFUSION Embedded Systems'),(1031,'Progress Software Corporation'),(1032,'Project Management Institute, Inc.'),(1033,'Prolan Zrt.'),(984,'PROMISE Technology, Inc.'),(1034,'Promwad'),(1035,'ProphetStor'),(985,'PROS, Inc.'),(1036,'Prosyst Software'),(1037,'Protei, Ltd.'),(1038,'Protocol Labs'),(1039,'Protos Software GmbH'),(1040,'PublicRelay'),(1041,'Puppet Labs'),(1042,'Pure Storage'),(1043,'Puzzle ITC'),(986,'PWC Avis'),(987,'PWI North'),(1047,'Qihoo 360 Technology Co., Ltd.'),(1048,'Qisda'),(1044,'QLogic'),(1045,'QNX Software Systems Co.'),(1049,'Qt Company'),(1050,'Qualcomm'),(1051,'Qualcomm Atheros'),(1046,'QUALITANCE'),(1052,'Quanta Computer, Inc.'),(1053,'Quantum Controls BV'),(1054,'Qubit'),(1055,'Quixey, Inc.'),(1056,'Qumranet, Inc.'),(1057,'Qunar'),(1058,'Quobyte'),(1059,'R-S-I Elektrotechnik GmbH'),(1069,'Racelogic'),(1070,'Rackspace'),(1071,'Radware'),(1072,'Rajant'),(1073,'Rakuten'),(1074,'Ralink Technology'),(1075,'Rally Software'),(1060,'RAPICORP'),(1076,'Rapid7'),(1077,'Raumfeld GmbH'),(1078,'Ravello Systems'),(1587,'raw engineering, Inc.'),(1079,'Raytheon'),(1080,'Razorblue, Ltd.'),(1061,'RCP Vision'),(1062,'RDC Semiconductor Co., Ltd.'),(1063,'REA Elektronik GmbH'),(1081,'Reaktor'),(1082,'Real-Time Remedies, Inc.'),(1084,'Realsil Microelectronics'),(1085,'Realtek'),(1083,'RealVNC'),(1086,'Red Flag Software'),(1087,'Red Hat'),(1088,'Red Hat, Inc.'),(1089,'Redbrick Health'),(1090,'Redpill Linpro'),(1091,'Reflex Systems'),(1588,'reliablesolutions'),(1092,'Reliance Jio Infocomm, Ltd.'),(1093,'Renesas Electronics Corporation'),(1094,'ReportLab, Inc.'),(1095,'Restorepoint Ltd.'),(1117,'Rvolution Linux'),(1065,'RGen Solutions'),(1064,'RGM Advisors'),(1096,'Rheinmetall Canada'),(1097,'Rheinmetall Defence Electronics'),(1098,'RidgeRun, LLC'),(1099,'Riedel Communications'),(1100,'RightScale, Inc.'),(1101,'Riot Games, Inc.'),(1066,'RISC Software GmbH'),(1067,'RISE Security'),(1102,'RisingTide Systems'),(1103,'Risk Management Solutions'),(1104,'Riskive'),(1105,'Riverbed Technology'),(1068,'ROAD'),(1106,'Roald van Loon Consultancy'),(1107,'Robert Bosch GmbH'),(1108,'Rocket Internet SE'),(1109,'Rockwell Automation, Inc.'),(1110,'Rockwell Collins'),(1111,'Roesch & Walter Industrie-Elektronik'),(1112,'Roku'),(1113,'Rowland Institute, Harvard'),(1586,'rPath, Inc.'),(1114,'RuggedCom, Inc.'),(1115,'Ruijie Networks Co., Ltd.'),(1116,'Rutgers University'),(1141,'Sabayon Linux'),(1142,'Safari.to'),(1143,'Sage Group PLC'),(1144,'Sagem'),(1145,'Sailpoint'),(1146,'Salesforce'),(1147,'SaltStack, Inc.'),(1148,'Samsung'),(1150,'Sandia National Laboratories'),(1149,'SanDisk'),(1118,'SANPeople'),(1119,'SAP'),(1120,'SAP AG'),(1121,'SAS'),(1151,'Savant Systems'),(1152,'Savoir-faire Linux'),(1153,'Saxnet GmbH'),(1122,'SC5'),(1154,'ScaleMP, Inc.'),(1155,'Scality'),(1156,'Scapa Technologies Limited'),(1157,'ScholarStack'),(1159,'Science and Technology Facilities Council'),(1158,'Science Fiction Technologies'),(1160,'Scilab Enterprises'),(1123,'SDG Systems'),(1161,'Seagate Technology LLC'),(1162,'Secretlab'),(1589,'section5'),(1590,'secunet'),(1163,'Secure Computing'),(1164,'Seegno'),(1165,'Selectel'),(1166,'Semaphore'),(1167,'Semihalf Embedded Systems'),(1168,'SendFaster'),(1169,'SendGrid'),(1170,'Sensirion'),(1171,'Sensoray'),(1172,'Sensortherm GmbH'),(1173,'Sentelic Corporation'),(1174,'Sequoia IT'),(1175,'ServerEngines Corporation'),(1124,'SES TechCom'),(1176,'Seven Networks'),(1177,'Sferia'),(1125,'SFR'),(1126,'SGI'),(1178,'Shawhin Tech'),(1179,'Shiny Srl'),(1180,'Shotgun Software'),(1181,'Shutterstock, Inc.'),(1182,'Siano Mobile Silicon'),(1127,'SICE S.A'),(1183,'Sicortex'),(1184,'Sidebranch'),(1185,'Siemens'),(1186,'Sierra Wireless'),(1187,'Sigfox'),(1128,'SIGMA Chemnitz'),(1188,'Sigma Designs'),(1189,'Signal 11 Software'),(1190,'Signature Research'),(1191,'Signips'),(1192,'Signove'),(1193,'Sigterm'),(1194,'Simtec Electronics'),(1195,'Sina Corporation'),(1129,'SIOS Technology Corporation'),(1196,'Sirius International'),(1197,'Sirrix AG'),(1591,'skinnyCorp LLC'),(1198,'Slimlogic, Ltd.'),(1199,'Smart Weblications'),(1200,'SmartJog S.A.S.'),(1130,'SMARTX'),(1201,'Smashing Boxes'),(1202,'Smile'),(1131,'SMSC'),(1203,'Snabb'),(1204,'SnapTV'),(1205,'Snowflake Computing, Inc.'),(1206,'Social Physics'),(1207,'Socrata, Inc.'),(1208,'SodiFrance (formely Mia software)'),(1209,'SofaWare'),(1212,'Softek Solutions, Inc.'),(1210,'SoftLayer'),(1211,'SoftPLC'),(1213,'Software Freedom Law Center'),(1214,'Sogyo'),(1215,'Sohonet'),(1216,'Solarflare Communications, Inc.'),(1217,'Solid Boot, Ltd.'),(1218,'SolidFire'),(1219,'Solinea'),(1220,'Sonatest Limited'),(1221,'Sonatype'),(1222,'Sony'),(1223,'Sony Mobile'),(1224,'Sophos'),(1225,'SoundCloud Ltd'),(1226,'South Pole AB'),(1227,'Southwest Solar Technologies'),(1228,'Soyatec'),(1229,'Special Communications Systems'),(1230,'Spectra Logic'),(1231,'Sphairon Technologies GmbH'),(1232,'SpiderNet Services'),(1233,'Spil Games'),(1234,'Spotify AB'),(1236,'Springpath Inc.'),(1235,'SpringSource, Inc aka VmWare now GoPivotal'),(1237,'Square, Inc.'),(1238,'Squarespace'),(1132,'SRI International'),(1133,'SRI Quant'),(1134,'ST Ericsson'),(1241,'Stackinsider'),(1239,'StackMasters'),(1240,'StackOps Technologies'),(1242,'Stanford University'),(1243,'Star Trac'),(1244,'Starent Networks'),(1245,'SteelEye'),(1246,'Stepping Stone'),(1247,'Sterry IT, LLC'),(1248,'Stiftelsen Chalmers Studenthem'),(1135,'STMicroelectronics'),(1249,'Stonesoft Corporation'),(1251,'Stormshield'),(1250,'StorPool'),(1252,'Storwize'),(1253,'Strandera Corporation'),(1254,'Strato'),(1255,'StratoScale'),(1256,'Stratosec'),(1257,'Stream Processors, Inc.'),(1258,'StreamUnlimited'),(1259,'Stripe'),(1260,'StrongLoop'),(1261,'Substantiel'),(1262,'Sumo Logic'),(1263,'Sun'),(1264,'Sun Microsystems, Inc.'),(1265,'SunGard'),(1266,'Sunplus Core Technology'),(1267,'Sunplus Technology Co., Ltd.'),(1136,'SUSE'),(1137,'SW Complete, Inc.'),(1268,'Swapp Engineering'),(1269,'Swedish Institute of Computer Science'),(1270,'Swedish University of Agricultural Sciences'),(1271,'SwiftStack'),(1138,'SWITCH'),(1272,'Sybase'),(1273,'Symantec'),(1274,'Symantec Corporation'),(1275,'Symas Corporation'),(1276,'Synopsys'),(1139,'SYS TEC electronic GmbH'),(1140,'SYSGO'),(1277,'System Fabric Works'),(1289,'Taktik'),(1290,'Talend'),(1291,'Tandberg'),(1292,'Taobao'),(1278,'TAOS, Inc.'),(1293,'Tapestry Systems'),(1592,'taskit'),(1294,'Tasktop'),(1295,'Tata Consultancy'),(1279,'TBWA'),(1280,'TCloud Computing'),(1593,'team(ix) GmbH'),(1594,'teamf1'),(1297,'Tech-angels'),(1298,'TechNexion, Ltd.'),(1301,'Technical Solutions, Inc.'),(1300,'TechniSat Digital GmbH'),(1302,'Technische Universitaet Darmstadt'),(1299,'TechPatron'),(1281,'TECNA'),(1296,'TecVenture'),(1303,'Teevity'),(1304,'Telargo, Inc.'),(1305,'Teleca'),(1366,'Tlcom Bretagne'),(1306,'Telecom Italia'),(1307,'Telecom-Service'),(1308,'Telegent System'),(1309,'Telemotive AG'),(1310,'Televic'),(1311,'Tellabs'),(1312,'Telly'),(1313,'Teltonika'),(1314,'Tencent'),(1315,'Tendril'),(1316,'Tensilica'),(1317,'Tensilica, Inc.'),(1318,'Terascala'),(1282,'TES s.r.o.'),(1319,'Tesora, Inc.'),(1595,'testing'),(1320,'Texas Instruments'),(1321,'Thales'),(1322,'The Apache Software Foundation'),(1323,'The Church of Jesus Christ of Latter-day Saints'),(1324,'The Guardian'),(1325,'The Linux Box'),(1326,'The Product Engine, Inc.'),(1327,'Think.Web'),(1328,'Thinking Phone Networks'),(1329,'Thinktube'),(1330,'Thomson Reuters'),(1331,'Thot-Soft 2002'),(1332,'ThoughtWorks, Inc.'),(1333,'Tianjin Zhongke Blue Whale Information Technologies'),(1283,'TIBCO Software'),(1334,'Tieto'),(1284,'TIL Technologies'),(1335,'Tilera'),(1336,'Time Warner Cable, Inc.'),(1337,'Timesys'),(1285,'TIS'),(1338,'Tk Open Systems, Ltd.'),(1339,'TomTom'),(1340,'Tonian'),(1286,'TOPTICA Photonics'),(1341,'Toshiba'),(1342,'Total Knowledge'),(1343,'Tower Technologies'),(1344,'Tracelytics'),(1345,'Traffic Management Technologies'),(1346,'Transitive'),(1347,'Transmode Systems'),(1348,'Traverse Technologies'),(1349,'Tremolo Security, Inc.'),(1350,'Trend Micro'),(1351,'Tresys'),(1352,'Trinnov Audio'),(1353,'Tripeaks'),(1355,'Triplemining'),(1354,'TriplePoint'),(1356,'Tripp Lite'),(1357,'TrollTech'),(1358,'TruCoin'),(1359,'Trusted Computer Solutions'),(1360,'Tundra Semiconductor'),(1361,'Tungsten Graphics'),(1362,'Tuxera'),(1287,'TVGlobo'),(1288,'TVU Networks'),(1363,'Twin Sun'),(1364,'Twitter'),(1596,'txtr GmbH'),(1365,'Tyro Payments Limited'),(1367,'U.S. Naval Research Laboratory'),(1375,'Ubisoft'),(1376,'Ubuntu Kylin'),(1368,'UHU-Linux'),(1377,'Uhuru Software, Inc.'),(1369,'UIC'),(1370,'UK National Health Service'),(1371,'ULYSSIS VZW'),(1378,'Unicontrol Systemtechnik'),(1372,'UNICUS Co., Ltd.'),(1379,'Unilogic Networks B.V.'),(1380,'Unique Computing Solutions'),(1381,'Unisys'),(1382,'UnitedStack'),(1383,'Universal Scientific Industrial Co.'),(1384,'Universidad Complutense'),(1386,'Universidad de Cantabria'),(1387,'Universidad de Sevilla'),(1385,'Universidad Rey Juan Carlos'),(1408,'Universitt Osnabrck'),(1388,'Universitat Politcnica de Catalunya'),(1597,'universit Libre de Bruxelles'),(1389,'University of Applied Sciences Rapperswil'),(1390,'University of Arizona'),(1391,'University of California, Santa Cruz'),(1392,'University of Cambridge'),(1393,'University of Limerick'),(1394,'University of Manchester'),(1395,'University of Maryland'),(1396,'University of Melbourne'),(1397,'University of Michigan'),(1398,'University of Michigan - CITI'),(1399,'University of Minnesota'),(1400,'University of Mississippi'),(1401,'University of Nebraska Omaha'),(1402,'University of North Carolina at Chapel Hill'),(1403,'University of Queensland'),(1404,'University of Toronto'),(1405,'University of Utah'),(1406,'University of Virginia'),(1407,'University of Waterloo'),(1409,'Uppsala University'),(1410,'Upstream University'),(1373,'URSYS Pty, Ltd.'),(1374,'US National Security Agency'),(1411,'VA Linux Systems Japan'),(1420,'Value Team SpA'),(1598,'vArmour'),(1421,'Varnish Software'),(1422,'VayavyaLabs'),(1423,'Venatech AB'),(1424,'Verismo'),(1599,'verit Informationssysteme GmbH'),(1425,'Verizon'),(1426,'Vernier Software and Technology'),(1427,'Vertafore, Inc.'),(1428,'VexxHost'),(1412,'VIA Technologies, Inc.'),(1429,'Viafoura'),(1430,'Vianet Internet Solutions'),(1431,'Vidible'),(1432,'Viettel'),(1433,'Vimeo, LLC'),(1434,'VinaKom'),(1435,'Violin Memory'),(1436,'Viprinet GmpH'),(1437,'Virginia Tech'),(1438,'Virtual Bridges'),(1439,'Virtual Computer'),(1440,'Virtual Scale'),(1441,'Virtual Security Research'),(1442,'VirtualLogix, Inc.'),(1443,'VirtualTech'),(1444,'Virtuata'),(1445,'Vision Engraving Systems'),(1446,'Vision Service Plan'),(1447,'Vision Systems GmbH'),(1448,'Vista-Silicon S.L.'),(1449,'Vivecode'),(1413,'VIVO Systems'),(1450,'Vizuri'),(1414,'VMTurbo'),(1415,'VMWare'),(1451,'Volkswagen'),(1452,'Voltaire'),(1453,'Voxelbrain UG'),(1416,'VPAC'),(1417,'VPOP Technologies, Inc.'),(1418,'VRT Systems'),(1419,'VU University Amsterdam'),(1454,'Vyatta'),(1460,'Wabtec Railway Electronics'),(1461,'Wacom'),(1462,'WalmartLabs'),(1455,'WANdisco'),(1463,'Warpnet B.V.'),(1464,'WatchGuard Video'),(1456,'WE7'),(1465,'Web Drive'),(1601,'webERP Africa'),(1466,'Websense'),(1467,'Webtrends'),(1468,'Weigle Wilczek GmbH'),(1469,'Weinmann Medical Technology'),(1600,'weLaika'),(1470,'Westell'),(1471,'Westermo'),(1472,'Western Digital'),(1473,'Whamcloud, Inc.'),(1474,'Whatever'),(1602,'who Ingenieurgesellschaft mbH'),(1477,'Wikia, Inc.'),(1478,'Wikimedia Deutschland'),(1479,'Wikimedia Foundation'),(1476,'WikiWorks'),(1480,'Willow Garage'),(1475,'WiMobilis'),(1481,'Winbond Electronics'),(1482,'Wincor Nixdorf'),(1483,'Wind River'),(1484,'Wipro'),(1485,'Wize Commerce, Inc.'),(1486,'Wizery, Ltd.'),(1487,'Wolfson Microelectronics'),(1488,'Woods Hole Oceanographic Institution'),(1457,'WORK Microwave GmbH'),(1489,'Workday'),(1490,'Worldline'),(1491,'Wotif Holdings Limited'),(1458,'WPR Medical'),(1459,'WSO2'),(1492,'Wytron Technology'),(1493,'X-IO'),(1494,'X-ION'),(1495,'XBMC Foundation'),(1500,'Xelerated, Inc.'),(1501,'Xemeti'),(1502,'Xentech Solutions, Ltd.'),(1503,'Xerox'),(1504,'Xilinx, Inc.'),(1505,'Xiotech Corporation'),(1506,'Xiph.Org Foundation'),(1496,'XIV Information Systems'),(1497,'XLAB'),(1498,'XMotra'),(1507,'Xorcom'),(1508,'Xored Software Inc'),(1499,'XTech'),(1510,'Yahoo, Inc.'),(1511,'Yatta Solutions GmbH'),(1512,'Yelp, Inc.'),(1513,'Yepa S.r.l.'),(1514,'Yext'),(1515,'Yokogawa Electric'),(1509,'YOPESO'),(1516,'You/Com Audiocommunicatie BV'),(1517,'YouScribe'),(1518,'Ysance'),(1522,'Zadara Storage'),(1523,'Zalando'),(1524,'Zane Benefits, Inc.'),(1519,'ZE Powergroup, Inc.'),(1525,'Zend'),(1526,'Zentific'),(1527,'Zeugma Systems'),(1528,'Zilogic Systems'),(1529,'Zing Systems'),(1530,'Zmanda'),(1520,'ZOHO Corporation'),(1531,'Zonbu'),(1521,'ZTE Corporation'),(1533,'Zynga, Inc.'),(1532,'ZyXel');
/*!40000 ALTER TABLE `organizations` ENABLE KEYS */;
UNLOCK TABLES;

--
-- Table structure for table `profiles`
--

DROP TABLE IF EXISTS `profiles`;
/*!40101 SET @saved_cs_client     = @@character_set_client */;
/*!40101 SET character_set_client = utf8 */;
CREATE TABLE `profiles` (
  `uuid` varchar(128) NOT NULL,
  `name` varchar(128) DEFAULT NULL,
  `email` varchar(128) DEFAULT NULL,
  `is_bot` tinyint(1) DEFAULT NULL,
  `country_code` varchar(2) DEFAULT NULL,
  PRIMARY KEY (`uuid`),
  KEY `country_code` (`country_code`),
  CONSTRAINT `profiles_ibfk_1` FOREIGN KEY (`uuid`) REFERENCES `uidentities` (`uuid`) ON DELETE CASCADE,
  CONSTRAINT `profiles_ibfk_2` FOREIGN KEY (`country_code`) REFERENCES `countries` (`code`) ON DELETE CASCADE
) ENGINE=InnoDB DEFAULT CHARSET=utf8;
/*!40101 SET character_set_client = @saved_cs_client */;

--
-- Dumping data for table `profiles`
--

LOCK TABLES `profiles` WRITE;
/*!40000 ALTER TABLE `profiles` DISABLE KEYS */;
INSERT INTO `profiles` VALUES ('11cc0348b60711cdee515286e394c961388230ab','quan','zhquan7@gmail.com',0,NULL),('35c0421704928bcbe3a0d9a4de1d79f9590ccaa9','Alberto Martn Perez','alberto.martin@bitergia.com',0,NULL),('3e07ffee1f3dc6eac7be34d46b0423ab81e2eac7','Valerio Cosentino','valerio.cosentino@gmail.com',0,NULL),('75fc28ef4643de5323e89fb26e4e67c97b24f507','Santiago Dueas','sduenas@bitergia.com',0,NULL),('9aed245d9df109f8d00ca0e656121c3bdde46a2a','Alvaro del Castillo','acs@bitergia.com',0,NULL),('9b233a0d9bac16fcd3845fbc814ef46678280e18','Stephan Barth','stephan.barth@gmail.com',0,NULL),('b6e141bc0879dfe90fa4892aaa8bea54041d6a46','David Pose Fernndez','dpose@bitergia.com',0,NULL),('b840795e4f57cc12bed1cf923e15de4c23fb7461','Jesus M. Gonzalez-Barahona','jgb@gsyc.es',0,NULL),('c780b9e5b86174118a9dbc1b738e9cd0e5fa3566','GitHub','noreply@github.com',0,NULL),('cc1000a28d57ed5351bb8a62dfff5e37569b2df8','J. Manrique Lopez de la Fuente','jsmanrique@bitergia.com',0,NULL),('dae602936b2ccd72b8a62b7a428a2b94e7042d84','Luis Caas Daz','lcanas@bitergia.com',0,NULL),('e0e6032e78e3b81857838f35a5aeefdbcabbb114','camillem','camillem@users.noreply.github.com',0,NULL),('fc6b62a865dd0b6f9ea06913c1e2506b2a2057ee','David Esler','drumandstrum@gmail.com',0,NULL);
/*!40000 ALTER TABLE `profiles` ENABLE KEYS */;
UNLOCK TABLES;

--
-- Table structure for table `uidentities`
--

DROP TABLE IF EXISTS `uidentities`;
/*!40101 SET @saved_cs_client     = @@character_set_client */;
/*!40101 SET character_set_client = utf8 */;
CREATE TABLE `uidentities` (
  `uuid` varchar(128) NOT NULL,
  `last_modified` datetime(6) DEFAULT NULL,
  PRIMARY KEY (`uuid`)
) ENGINE=InnoDB DEFAULT CHARSET=utf8;
/*!40101 SET character_set_client = @saved_cs_client */;

--
-- Dumping data for table `uidentities`
--

LOCK TABLES `uidentities` WRITE;
/*!40000 ALTER TABLE `uidentities` DISABLE KEYS */;
INSERT INTO `uidentities` VALUES ('11cc0348b60711cdee515286e394c961388230ab',NULL),('35c0421704928bcbe3a0d9a4de1d79f9590ccaa9',NULL),('3e07ffee1f3dc6eac7be34d46b0423ab81e2eac7',NULL),('75fc28ef4643de5323e89fb26e4e67c97b24f507',NULL),('9aed245d9df109f8d00ca0e656121c3bdde46a2a',NULL),('9b233a0d9bac16fcd3845fbc814ef46678280e18',NULL),('b6e141bc0879dfe90fa4892aaa8bea54041d6a46',NULL),('b840795e4f57cc12bed1cf923e15de4c23fb7461',NULL),('c780b9e5b86174118a9dbc1b738e9cd0e5fa3566',NULL),('cc1000a28d57ed5351bb8a62dfff5e37569b2df8',NULL),('dae602936b2ccd72b8a62b7a428a2b94e7042d84',NULL),('e0e6032e78e3b81857838f35a5aeefdbcabbb114',NULL),('fc6b62a865dd0b6f9ea06913c1e2506b2a2057ee',NULL);
/*!40000 ALTER TABLE `uidentities` ENABLE KEYS */;
UNLOCK TABLES;
/*!40103 SET TIME_ZONE=@OLD_TIME_ZONE */;

/*!40101 SET SQL_MODE=@OLD_SQL_MODE */;
/*!40014 SET FOREIGN_KEY_CHECKS=@OLD_FOREIGN_KEY_CHECKS */;
/*!40014 SET UNIQUE_CHECKS=@OLD_UNIQUE_CHECKS */;
/*!40101 SET CHARACTER_SET_CLIENT=@OLD_CHARACTER_SET_CLIENT */;
/*!40101 SET CHARACTER_SET_RESULTS=@OLD_CHARACTER_SET_RESULTS */;
/*!40101 SET COLLATION_CONNECTION=@OLD_COLLATION_CONNECTION */;
/*!40111 SET SQL_NOTES=@OLD_SQL_NOTES */;

-- Dump completed on 2018-01-11 10:05:54
